call#,_merge
AM11 .M47 1992,left_only
AP2 .R31,left_only
AS8 .W67 1989,left_only
AS911.N9 W53 1991,left_only
B365.A5 J6 1963,left_only
BD450 .W55,left_only
BF173 .J735 1964,left_only
BF408 .E63 1999 V. 1,left_only
BF408 .E63 1999 V. 2,left_only
BF431 .M553 1986,left_only
BF432.A1 T34,left_only
BF449 .I76 1994,left_only
BF723.G75 W37 1993,left_only
BF723.M55 K6,left_only
BL1405 .D3,left_only
BL60.A1 R4 1983,left_only
BL82 .B68 1997,left_only
BM135 .R87 1977,left_only
BM530 .J49 1997,left_only
BS2302 .C6 1985,left_only
BS2305 .D37 1976,left_only
BS622 .I45 1997,left_only
BX1375 .M38,left_only
BX1406 .C55 V. 1,left_only
BX1406 .C55 V. 2,left_only
BX1417.B7 T3 1953,left_only
BX1418.B2 B3,left_only
BX1754 .L37513 1997,left_only
BX1943 .E63 1985,left_only
BX1943 .E63 1985,left_only
BX2045 .J47,left_only
BX2182.2 .B43,left_only
BX2624.M6 B58 1986 V. 1,left_only
BX2624.M6 B58 1986 V. 2,left_only
BX2624.M6 B58 1986 V. 3,left_only
BX4220.U6 A1 1983,left_only
BX4700.F63 E5 1965,left_only
BX4705.C776 C37 1968,left_only
BX4771.A1 W54 1990,left_only
BX8605.5 .E62 1992 V. 1,left_only
BX8605.5 .E62 1992 V. 2,left_only
BX8605.5 .E62 1992 V. 3,left_only
BX8605.5 .E62 1992 V. 4,left_only
BX930 .S362 1935 V.1-4,left_only
BX930 .S362 1935 V.5-8,left_only
BX9771 .S67 1975,left_only
CB19 .C76 1972 V. VOLUME 1,left_only
CB19 .C76 1972 V. VOLUME 2,left_only
CB245 .L5,left_only
CB301 .L48 1961,left_only
CB311 .B3,left_only
CB311 .H35 1976,left_only
CB361 .B47 1987,left_only
CB361 .R66 1993,left_only
CB411 .C6 1969,left_only
CC70 .I5,left_only
CC79.5.P6 R93,left_only
CJ315.G72 M35,left_only
CR1605 .L68 1991,left_only
CR21 .F69 1976,left_only
CR4485.C7 C43,left_only
CS498 .M3,left_only
CS71.F7 F7 1993,left_only
CS877.J4 W45 1997,left_only
CT101.A1 A6,left_only
CT103 .L7 1930,left_only
CT20 .B5,left_only
CT20 .S69 1991,left_only
D11 .G78 1979,left_only
D117 .E93,left_only
D127 .R53,left_only
D127 .R53,left_only
D16.2 .C65 1997,left_only
D21 .W4 1926 V. 1,left_only
D21.H67 A41,left_only
D21.H67 A7,left_only
D228 .T74,left_only
D4 .M4,left_only
D422 .C57 1987,left_only
D422 .S86 1975,left_only
D522.25 .H66 1992,left_only
D743 .J6,left_only
D743.2 .L48,left_only
D743.2 .S5 1976,left_only
D767.25.H6 G6 1995,left_only
D767.25.N34 Y36 1995,left_only
D781 .B8 1978,left_only
D804.195 .W65 1997,left_only
D804.3 .L52 1995,left_only
D804.3 .S74 1988,left_only
D804.3 .T76 1993,left_only
D805.A2 H35 1995,left_only
D805.A2 R4613 1995,left_only
D805.C9 J84 1971,left_only
D805.C9 W4 1995,left_only
D805.P7 C64 1992,left_only
D810.J4 S64 1981,left_only
D810.J4 W67 1981,left_only
D810.P6 B64 1989,left_only
D810.P6 R5 1976,left_only
DA152.5.A7 B78 1999,left_only
DA175.P5 1984,left_only
DA225 .P546 1990,left_only
DA360 . M37,left_only
DA533 .H53,left_only
DA533 .P46 1974A,left_only
DA536.C6 M7 1882,left_only
DA580 .S68 1997 V. 1,left_only
DA580 .S68 1997 V. 2,left_only
DA580 .S68 1997 V. 3,left_only
DA580 .V53 1996,left_only
DA592 .D42 V.4 PTS.1-7,left_only
DA689.H48 O5 1975,left_only
DA925 .H37 1998,left_only
DA950.1 .F73 1975,left_only
DA962 .F55,left_only
DA963 .M58 1981,left_only
DA979 .E5,left_only
DB854 .J6,left_only
DC148 .P38,left_only
DC203 .B875 1985 ATLAS,left_only
DC203 .M45 1992,left_only
DC415 .S5813 1997,left_only
DC715 .M56 1990,left_only
DC73 .B85 1966,left_only
DC801.V56 B33 1998,left_only
DC946 .M63 1994,left_only
DD247.H5 A77,left_only
DD253.6 .M64 1977,left_only
DD256.5 .B67 1978,left_only
DD901.N94 A5 1946,left_only
DE71 .G73,left_only
DF261.M45 M6,left_only
DF895 .A6513 1997,left_only
DG674.2 .C86 1994,left_only
DG70.M635 P68 1997,left_only
DG70.P7 L46 1996,left_only
DG734 .C27,left_only
DG734 .M3,left_only
DG78 .C37,left_only
DG78 .L53 1996,left_only
DG811 .K7,left_only
DK32 .M62 1989,left_only
DK4043 .M67 1990,left_only
DK651.Y28 V6,left_only
DP22 .P76,left_only
DP269.15 .C355 1999,left_only
DP66 .C44,left_only
DR1367 .S73 1999,left_only
DS109.28 .M39,left_only
DS109.916 .G73 1996,left_only
DS111.7 .S5,left_only
DS112 .T46 1985,left_only
DS114 .E53 1986,left_only
DS115.2 .J49 1997 V. 1,left_only
DS115.2 .J49 1997 V. 2,left_only
DS117 .D35 1984,left_only
DS117 .J85 1992,left_only
DS125 .K45 1991,left_only
DS134 .P39 1980,left_only
DS135.C5 Y87 1995,left_only
DS135.E8 V57 1983,left_only
DS135.E83 R38 1971,left_only
DS135.F85 I94 1985,left_only
DS135.L52 K3838 1997,left_only
DS135.N4 G3,left_only
DS135.P6 A7 1996,left_only
DS135.P6 K323 1999,left_only
DS135.P62 B538 1982,left_only
DS135.P62 W3858 1963,left_only
DS135.P62 W4125 1987,left_only
DS135.R72 M377 1983,left_only
DS135.U42 L497 1997,left_only
DS156.S3 A49 1983,left_only
DS215 .S39,left_only
DS248.J5 J42 1982,left_only
DS248.S26 S26 1983,left_only
DS269.L87 M67 1993,left_only
DS318.8 .P48 1983,left_only
DS35.6 .R6 1982,left_only
DS38.2 .I22 1981,left_only
DS392.2.L3 Q73 1988,left_only
DS421 .J6 1996,left_only
DS5 .Z5,left_only
DS509.5 .L4 1964,left_only
DS511 .P45,left_only
DS59.K86 M45 1997,left_only
DS62 .M4 1968,left_only
DS62.2 .C3713 1998,left_only
DS646.32.I2 W7,left_only
DS702 .S5 V. 1,left_only
DS705 .E54 1981,left_only
DS705 .E54 1981,left_only
DS705 .P47 1999,left_only
DS706.5 .H46,left_only
DS721 .B56 1998,left_only
DS821 .M37,left_only
DT143 .A2,left_only
DT2400.R6 V65 1994,left_only
DT3 .R6,left_only
DT30 .E9,left_only
DT30 .E9,left_only
DT426 .S86,left_only
DT47 .B8,left_only
DT56.9 .B34 1990,left_only
DT6 .S85,left_only
DT61 .A6 1978,left_only
DT61 .C37,left_only
DT61 .M34 1986,left_only
DT962.3 .R33 1971,left_only
DU624.65 .K56 1992 V. 1,left_only
DU624.65 .K56 1992 V. 2,left_only
DU740.42 .S6,left_only
DU744.5 .G3,left_only
E101 .J7 1974,left_only
E159 .J76 1962,left_only
E162 .A4925 1998,left_only
E168 .S43,left_only
E169 .M8 1972,left_only
E169.1 .E6 2001 V. 1,left_only
E169.1 .E6 2001 V. 2,left_only
E169.1 .E6 2001 V. 3,left_only
E176.1 .B46,left_only
E176.1 .P918 1996,left_only
E176.1 .W7233 1989,left_only
E178 .T965 V.1,left_only
E178 .T965 V.2,left_only
E178.2 .C98 1911,left_only
E178.5 .A48 1981,left_only
E178.5 .A48 1981,left_only
E178.5 .A48 1981,left_only
E178.5 .A48 1981 V. SUPPL,left_only
E184.7 .L48,left_only
E184.A1 A12445 1971,left_only
E184.A1 A1247 V. 1,left_only
E184.A1 A1247 V. 2,left_only
E184.A1 A1262,left_only
E184.A1 E79,left_only
E184.A1 W27,left_only
E184.I6 I684 1997,left_only
E184.J3 J36 1993,left_only
E184.J5 H26 1983,left_only
E184.S75 O48 1999,left_only
E185 .A252 1994,left_only
E185 .A256 1993,left_only
E185 .E25 V. VOL. I,left_only
E185 .E25 V. VOL. II,left_only
E185 .E25 V. VOL. III,left_only
E185 .H562,left_only
E185 .H8 1973,left_only
E185 .W345 1974,left_only
E185.2 .B87,left_only
E185.6 .B63 1977,left_only
E185.6 .N39,left_only
E185.8 .C36 1973,left_only
E185.86 .B542 1993 V. 1,left_only
E185.86 .B542 1993 V. 2,left_only
E185.93.N54 N3 1969,left_only
E185.96 .D25,left_only
E185.96 .F23 1973,left_only
E185.96 .O93 1973,left_only
E188 .P86 1999,left_only
E206 .F32 1975,left_only
E208 .A52,left_only
E209 .S36 1977,left_only
E241.L8 M3,left_only
E302 .J423 1971,left_only
E332.745 .M66 1999,left_only
E342 .J36 1994,left_only
E354 .H46 1997,left_only
E457.6 .F33 1982,left_only
E461 .E57 1997,left_only
E461 .N48 V. 1,left_only
E461 .N48 V. 2,left_only
E491 .D94 1979 V. 1,left_only
E491 .D94 1979 V. 2,left_only
E524 .M38 1997,left_only
E59.A7 A42 1992,left_only
E59.A7 J64 1992,left_only
E59.P89 T74 1989,left_only
E59.R38 B8,left_only
E741 .C58 1970,left_only
E741 .R65,left_only
E743.5 .F95 1971,left_only
E77 .A27 1975 SUPPL. V. 1,left_only
E77 .A27 1975 SUPPL. V. 2,left_only
E77 .A27 1975 SUPPL. V. 3,left_only
E77 .A27 1975 V. 1,left_only
E77 .A27 1975 V. 2,left_only
E77 .A27 1975 V. 3,left_only
E77 .A27 1975 V. 4,left_only
E77 .A27 1975 V. 5,left_only
E77 .D75,left_only
E77 .H25 V.11,left_only
E77 .H25 V.15,left_only
E77 .H25 V.15,left_only
E77 .H25 V.2,left_only
E77 .H25 V.8,left_only
E77.5 .A33 1999,left_only
E77.5 .B87 1994,left_only
E77.5 .M67 1997,left_only
E77.9 .I34 1999,left_only
E78.A7 H4,left_only
E78.G73 T3,left_only
E78.W5 C73,left_only
E81 .B7 1995,left_only
E83.876 .T5,left_only
E836 .E374 1969,left_only
E836 .M63,left_only
E876 .I74 1987,left_only
E98.A7 I5,left_only
E98.F6 C3 1994,left_only
E98.L4 M6,left_only
E98.R3 B8,left_only
E99.A6 M35,left_only
E99.N3 N3,left_only
E99.P25 K5 1972,left_only
E99.P9 B8 1969,left_only
F117 .C5 1989,left_only
F1219 .S58,left_only
F1219 .W4,left_only
F1219.1.V47 C63 V. 1,left_only
F1219.1.V47 C63 V. 2,left_only
F1219.3.A7 A63,left_only
F1219.3.C75 C72 1968,left_only
F1219.3.M4 C67,left_only
F1219.56.T86 C62 1980,left_only
F1219.7 .M47 1989,left_only
F1219.76.A78 P37 1983,left_only
F127.G3 G37 1888,left_only
F127.H8 R34 1995,left_only
F127.L8 B66 1983,left_only
F127.L8 W4,left_only
F127.S9 L53 1984,left_only
F127.W5 M67 1990,left_only
F128.3 .F4,left_only
F128.37 .A68 1998,left_only
F128.37 .F78 1980,left_only
F128.37 .K5 1974,left_only
F128.37 .K52 1977,left_only
F128.37 .N77 1981,left_only
F128.61.G74 R53 1998,left_only
F128.65.C3 R64 1987,left_only
F128.67.F4 F5,left_only
F128.68.B8 U49,left_only
F128.68.H3 H28,left_only
F128.7 .D55 1993,left_only
F128.9.A1 S36 1998,left_only
F128.9.C5 C4,left_only
F128.9.P85 M34 1984,left_only
F128.9.P85 M34 1984,left_only
F128.9.P85 W45,left_only
F1406 .E5,left_only
F142.B7 S6,left_only
F142.M63 M4,left_only
F1435.3.A7 K8 1969,left_only
F1435.3.P6 T5,left_only
F1435.3.P8 D84 1975,left_only
F1435.3.R3 B73,left_only
F144.T757 Q53 1984,left_only
F1976 .P39,left_only
F200 .W333 1973,left_only
F210 .S72 1999,left_only
F2231 .G55,left_only
F2263 .V9 1998,left_only
F2849.P37 E913 1997,left_only
F3055 .M49,left_only
F3429.3.P8 D66 1992,left_only
F3429.3.P8 M86 1981,left_only
F3429.3.T3 S8 1994,left_only
F3881 .R4,left_only
F592.4 1962 V. 1,left_only
F592.4 1962 V. 2,left_only
F674.O54 W57 1996,left_only
F787 .W45 1986,left_only
F869.S3 J4 1975,left_only
F877 .A79 1974,left_only
F877 .A797 1998,left_only
G103 .L7 1952,left_only
G1038 .P55 1995,left_only
G1819.L7 H635 1985,left_only
G1819.L7 R553 1982,left_only
G200 .E88 1993,left_only
G2361.S1 H5 1995,left_only
G530.T6 O37 1997,left_only
G595 .P64,left_only
G70.4 .S15 1987,left_only
GA308.V5 S5,left_only
GB611 .D485 1993,left_only
GC29 .E9 1972,left_only
GC65 .E2 1980,left_only
GE10 .E58 1994,left_only
GF41 .J67 1999,left_only
GF522.G9 M3 1971,left_only
GF8 .M36,left_only
GN20 .I49 1991,left_only
GN281 .M53 1990,left_only
GN357 .C675 1989,left_only
GN37.M4 N3 1970,left_only
GN434 .S76,left_only
GN57.H38 S6,left_only
GN60 .K35,left_only
GN645 .B4 1999 V. 1,left_only
GN645 .B4 1999 V. 2,left_only
GN656 .M34 1998,left_only
GN668 .A44 1998,left_only
GN668 .A44 1998,left_only
GN671.N5 K57 1993,left_only
GN774.U5 J4,left_only
GN776.T9 M4 V. 1,left_only
GN776.T9 M4 V. 2,left_only
GN777 .G5,left_only
GN824.S5 M5,left_only
GN865.E3 S35,left_only
GR161 .P4 1972,left_only
GR475 .F6313 1998,left_only
GR75.S6 S34 1972,left_only
GT1580 .F57 1984,left_only
GT2465.I8 M87 1999,left_only
GT4180 .O71,left_only
GT510 .H54,left_only
GT510 .W55 1948,left_only
GT511 .P42 1991,left_only
GT607 .C67,left_only
GT615 .C68 1998,left_only
GT615 .E92 1986,left_only
GT615 .E93 1981,left_only
GV1049.2.T68 B7813 1996,left_only
GV1065.22.N49 G36 1994,left_only
GV1595 .D342 1998,left_only
GV1624.7.A34 A3 1993,left_only
GV1693 .N48 1996,left_only
GV1693 .R25 1990,left_only
GV1705 .H8313 1995,left_only
GV1751 .L35 1994,left_only
GV1783 .H62,left_only
GV1783.2.B87 B87 1987,left_only
GV1785.C85 V38 1997,left_only
GV1785.D5 M32,left_only
GV1785.N6 K5,left_only
GV1785.N8 N86 1993,left_only
GV1785.P3 M66 1982,left_only
GV1786.A42 M58 1993,left_only
GV1786.B315 P37 1995,left_only
GV1786.N4 K5,left_only
GV1786.N4 R48 1977,left_only
GV1788 .F55 1992,left_only
GV1790.G5 F43 1981,left_only
GV1796.B4 K67 1997,left_only
GV1796.T3 T36 1995,left_only
GV1803 .F7 1975,left_only
GV1815 .O33 1993,left_only
GV1826 .A46 1978,left_only
GV361 .S4 1969,left_only
GV365 .P36 1997,left_only
GV443 .G73 1998,left_only
GV709 .M3,left_only
GV731 .D52 1974,left_only
GV734 .F545 1999,left_only
GV848.5.A1 M27 1999,left_only
GV848.5.H6 A3 1999,left_only
GV863.A1 W355 1998,left_only
GV875.N4 G3 1996,left_only
GV875.N45 K35 1995,left_only
GV877 .B3 1993,left_only
GV884.J67 A28 1998,left_only
GV965 .C55 1991,left_only
H2 .C3 1970A V. 1,left_only
H2 .C3 1970A V. 2,left_only
H2 .C3 1970A V. 3,left_only
H61 .H26,left_only
H61 .H26 1973,left_only
H62 .M46 1984,left_only
H62 .M46 1984,left_only
H62 .M46 1994,left_only
H97.A1 G6 1985,left_only
HA155 .M85 1988,left_only
HA195 .U54,left_only
HA29 .B824,left_only
HA4556 .M35 1982,left_only
HB1413 .W66 1997,left_only
HB1965 .N48,left_only
HB233.A3 C6,left_only
HB3505 .B47,left_only
HB3711 .B46 1991,left_only
HB74.5 .K53,left_only
HB821 .A6,left_only
HC102.5.F67 A3 1989,left_only
HC103 .E52 V. 1,left_only
HC103 .E52 V. 2,left_only
HC107.N73 P66 1990,left_only
HC110.C6 A648 1991,left_only
HC110.C6 A66 1992,left_only
HC110.P6 P43 1975,left_only
HC115 .U77,left_only
HC121.A1 F4 1983 V. 1,left_only
HC121.A1 F4 1983 V. 2,left_only
HC121.A1 F4 1983 V. 3,left_only
HC121.A1 F4 1983 V. 4,left_only
HC125 .C594,left_only
HC240 .H425 1972,left_only
HC241.2 .A8 1991,left_only
HC241.2 .P313 1993,left_only
HC244 .E17 1994,left_only
HC55 .V3 V. 2,left_only
HC57 .I6,left_only
HC59 .B52 1987,left_only
HC59.7 .O73,left_only
HC800 .U5418,left_only
HC800.Z9 E36 1991,left_only
HD1691 .F57 1977,left_only
HD19 .P64,left_only
HD1917 .A4,left_only
HD20.15.U5 D5 1977,left_only
HD20.7 .M3,left_only
HD2346.U5 A3 1972 NO.4,left_only
HD2436.U5 S3,left_only
HD257 .B45,left_only
HD2741 .L6 1969,left_only
HD2741.A1 S6,left_only
HD2745 .F4 1974,left_only
HD2745 .R43,left_only
HD2755.5 .W675 V. 1,left_only
HD2755.5 .W675 V. 2,left_only
HD2781.L5 R8 1970,left_only
HD2781.L5 R8 1975,left_only
HD2907 .B87 1973,left_only
HD2984 .P7 1966,left_only
HD2984.A1 J4,left_only
HD30.2 .I8 1995,left_only
HD30.28 .J66 1983,left_only
HD31 .H472,left_only
HD31 .K83 1978,left_only
HD31 .S43,left_only
HD31 .S453 1990 V.1,left_only
HD31 .S69625 1985,left_only
HD38 .T33,left_only
HD41 .P672 1983,left_only
HD45 .H42,left_only
HD47 .M48,left_only
HD47 .Z4,left_only
HD47.5 .D8 1976,left_only
HD52 .M29,left_only
HD57.5 .C17 1996,left_only
HD5715.5.B4 L47 1991,left_only
HD5715.5.I8 F56 1991,left_only
HD5715.5.N4 K73 1991,left_only
HD5716.P42 S336 1998,left_only
HD5724 .U45 1975,left_only
HD58.7 .G88 1990,left_only
HD59 .S66,left_only
HD62.7 .C63 1983,left_only
HD62.7 .F35 1997 V. 1,left_only
HD62.7 .F35 1997 V. 2,left_only
HD62.7 .P74 1981,left_only
HD6278.U5 C3 1973,left_only
HD66 .I6,left_only
HD69.C6 L43,left_only
HD69.N4 B85,left_only
HD69.N4 C3,left_only
HD69.P75 I45,left_only
HD69.S6 D5,left_only
HD7091 .I51 1974,left_only
HD7287.92.E8 G64,left_only
HD7288.U5 N4,left_only
HD7293 .B51,left_only
HD7293 .S47 1990,left_only
HD7293 .S83,left_only
HD7304.B2 A5 1940,left_only
HD7333.A3 T35,left_only
HD7812.I7 A7,left_only
HD8039.M772 U58 1998,left_only
HD8066 .T8,left_only
HD8085.N53 D39 1998,left_only
HD9000.4 .O7 1973,left_only
HD9000.5 .F44 1978,left_only
HD9161.5.T574 G667 1997,left_only
HD9321 .M5,left_only
HD9519.N83 R63 1997,left_only
HD9540.4 .O74A,left_only
HD9567.O4 I4,left_only
HD9569.S6 G7,left_only
HD9569.S8 L3,left_only
HD9696.A3 U61,left_only
HD9696.C63 U45 1979,left_only
HD9708.U64 E273 1990,left_only
HD9710.G34 M4 1986,left_only
HD9715.U52 F7 1980,left_only
HD9723 .A76 1993,left_only
HD9980.5 .R67 1985,left_only
HE2791.P4 J3 1988,left_only
HE2791.U5 C6,left_only
HE355.A3 A25 SUMMARY 1985,left_only
HE554.N7 A4,left_only
HE6185.U6 B55,left_only
HE633.H85 R5 1990,left_only
HE633.H85 R5 1990,left_only
HE7777 .T44,left_only
HE8700.4 .R43 1990,left_only
HF1001 .E466 1995 V. 1,left_only
HF1001 .E466 1995 V. 2,left_only
HF1017 .B383 1993,left_only
HF105 .C13 1979,left_only
HF1102 .I56 1993,left_only
HF1379 .B55 1995,left_only
HF1416.5 .T85 1991,left_only
HF3493 .D56 1992,left_only
HF3496 .H54,left_only
HF5353 .H3,left_only
HF5353 .M345 1978,left_only
HF5356 .L28 1992,left_only
HF5371 .K6,left_only
HF5381 .Y68,left_only
HF5382.5.U5 R5,left_only
HF54 .W67 1992,left_only
HF5415 .B54 1992,left_only
HF5415 .K683 1991,left_only
HF5415.1 .R5,left_only
HF5415.1263 .B46 1989,left_only
HF5415.13 .B597 1984,left_only
HF5415.13 .H53 1997,left_only
HF5415.2 .V49 1982,left_only
HF5415.3 .E527 1994 V. 1,left_only
HF5415.3 .E527 1994 V. 2,left_only
HF5415.3 .E527 1994 V. 3,left_only
HF5429 .I57 1982,left_only
HF5429 .S5 1980,left_only
HF5429.23 .F675 1989,left_only
HF5429.23 .F676 1988,left_only
HF5429.23 .F676 1991,left_only
HF5429.235.U5 S44,left_only
HF5438.8.P74 M67 1995,left_only
HF5465.U635 B66 1991,left_only
HF5466 .H58 1982,left_only
HF5466 .M84 1996,left_only
HF5467.S4 H64 1988,left_only
HF5469 .S16,left_only
HF5548.2 .C57 1978,left_only
HF5548.2 .E5 NO.12,left_only
HF5549 .A87 1991,left_only
HF5549 .C738 1984,left_only
HF5549.5.S38 S22 1993,left_only
HF5549.5.T7 B294 1997,left_only
HF5550 .G68,left_only
HF5550 .T9,left_only
HF5618 .C38 1979,left_only
HF5630 .A224 1994,left_only
HF5635 .G26 1997 WORKBOOK,left_only
HF5635 .L9,left_only
HF5635 .W873,left_only
HF5657 .S78,left_only
HF5668.25 .T5,left_only
HF5681.B2 R37 1996,left_only
HF5681.C25 W6,left_only
HF5730 .H63 1995,left_only
HF5730 .H63 1995,left_only
HF5813.U6 A93 1994,left_only
HF5821 .B625 1992,left_only
HF5822 .H33,left_only
HF5823 .B15,left_only
HF5823 .B58 1999,left_only
HF5823 .W42,left_only
HF5823 .W42,left_only
HF5825 .Y63 1946,left_only
HF5845 .B337 1997,left_only
HF5862 .H68 1995,left_only
HF6161.L46 L48 1996,left_only
HG1501 .A65 1986,left_only
HG151 .M8 1983,left_only
HG1521 .S88 1991 V. 1,left_only
HG1521 .S88 1991 V. 2,left_only
HG1521 .S88 1993,left_only
HG1621 .C76 1990,left_only
HG179 .B56 1974,left_only
HG187.J3 R6 1987,left_only
HG2055 .H39,left_only
HG2463.G52 B6 1985,left_only
HG3000.3.A7 B5,left_only
HG3020.V54 C7,left_only
HG3729.U5 G76,left_only
HG3881 .B32,left_only
HG3881 .S86 1986,left_only
HG3891.5 .M32,left_only
HG4026 .H47 1986,left_only
HG4026 .M3,left_only
HG4027.3 .B83,left_only
HG4027.3 .C64 1986,left_only
HG4027.7 .O432 1996,left_only
HG4028.C45 C45 1991,left_only
HG4028.G4 P4,left_only
HG4028.M4 K73 1991,left_only
HG4028.V3 M35 1991,left_only
HG4028.V3 P7 1989,left_only
HG4028.V3 P7 1989,left_only
HG4028.V3 P73 1998,left_only
HG4028.V3 S3,left_only
HG4061 .M64,left_only
HG4521 .P45 1985,left_only
HG4538 .O64 1979B,left_only
HG4538 .U7195 1975,left_only
HG4636 .H39,left_only
HG4636 .J37 1989,left_only
HG4915 .D64 1982,left_only
HG538 .D3,left_only
HG538 .D3 1962,left_only
HG591 .F7,left_only
HG6024.A3 B33 1989,left_only
HG6041 .G73,left_only
HG6042 .A8 1970,left_only
HG6046 .G6,left_only
HG6046 .G6 1981,left_only
HG6046 .S95 1959,left_only
HG6046 .Z5,left_only
HJ2336 .R43,left_only
HJ4653.T38 S9 1985,left_only
HJ5715.U6 S6,left_only
HM141 .L375 1990,left_only
HM15 .O64 V. 1,left_only
HM15 .O64 V. 2,left_only
HM15 .O64 V. 3,left_only
HM216 .G453,left_only
HM263 .C6,left_only
HM281 .C552 1999,left_only
HM291 .O46 1973,left_only
HM51 .A56 1995,left_only
HM51 .A56 1995,left_only
HN18 .U4 NOS.6-9,left_only
HN233 .S7,left_only
HN53 .N38 1958,left_only
HN60 .B69 1981,left_only
HN90.V64 C65 1984,left_only
HN90.V64 C65 1991,left_only
HQ1061 .W65 1998,left_only
HQ1064 .C63,left_only
HQ1064.U5 A59 1988,left_only
HQ1064.U5 B38,left_only
HQ1064.U5 S65 1979,left_only
HQ111 .B82 1978,left_only
HQ1115 .W4 1994,left_only
HQ1154 .C595 1995,left_only
HQ12 .H33,left_only
HQ13 .M45 1997,left_only
HQ1420 .T34 1991,left_only
HQ1420 .T34 1996,left_only
HQ1426 .N5 1973,left_only
HQ1870.9 .W6548 1998,left_only
HQ21 .E42,left_only
HQ31 .M4,left_only
HQ536 .S727 1992,left_only
HQ728 .A723,left_only
HQ728 .A723,left_only
HQ767.9 .C443 1981,left_only
HQ769 .D76,left_only
HQ777.5 .G73 1986,left_only
HQ778.63 .H37 1996,left_only
HQ783 .J44,left_only
HQ784.G45 H3,left_only
HQ784.T9 A4,left_only
HQ792.P8 N5 1969,left_only
HQ792.U5 B85 1994,left_only
HQ796 .J58,left_only
HS2725.N5 M37,left_only
HS403 .M3 1906 V. 1,left_only
HS403 .M3 1906 V. 2,left_only
HS403 .M3 1906 V. 3,left_only
HS403 .M3 1906 V. 4,left_only
HS403 .M3 1906 V. 5,left_only
HS403 .M3 1906 V. 6,left_only
HS403 .M3 1906 V. 7,left_only
HT111 .T68 1967,left_only
HT123 .U745,left_only
HT1581 .C8,left_only
HT166 .U73 UNIT 22,left_only
HT166 .U73 UNIT 26,left_only
HT166 .U73 UNITS 15-18,left_only
HT166 .U73 UNITS 19-21,left_only
HT166 .U73 UNITS 23-25,left_only
HT166 .U73 UNITS 27-29,left_only
HT166 .U73 UNITS 30-33,left_only
HT166 .U73 UNITS 6-9,left_only
HT166 .U73 V.10-14,left_only
HT168.N5 A53,left_only
HT169.G72 S4 1904A,left_only
HT177.N5 N35,left_only
HT371 .H54 1996,left_only
HT392 .K54 1999,left_only
HT861 .K44 1991,left_only
HV11 .B34 1960,left_only
HV11 .F6,left_only
HV11 .M32,left_only
HV11 .W58,left_only
HV11 .W58,left_only
HV1451 .J48,left_only
HV1451 .L46 1988,left_only
HV1451 .P745 1996,left_only
HV1454.2.N5 C55 1975,left_only
HV1481.G54 E534 1985,left_only
HV1568 .E53 1995,left_only
HV1568 .R445 1972,left_only
HV1568 .R45 1972,left_only
HV1568 .S93 1971 V. 2,left_only
HV1568 .S93 1971 V. 3,left_only
HV1568 .Y67 1971,left_only
HV1568.5 .H66 1988,left_only
HV1570.5.U65 S74 1990,left_only
HV1626 .F67 1986,left_only
HV1664.S4 H3,left_only
HV238 .E87 1984,left_only
HV249.N68 W3,left_only
HV265 .C68,left_only
HV3004 .A54,left_only
HV3006.W75 I75 1997,left_only
HV3011 .B68,left_only
HV3011 .H35,left_only
HV3018 .P54,left_only
HV31 .L27,left_only
HV31 .P38,left_only
HV3191 .F4,left_only
HV4196.C4 H7,left_only
HV45 .H33,left_only
HV45 .S48,left_only
HV4505 .W355 1999,left_only
HV4708 .E94 1984,left_only
HV5137 .A38 1991 V. 1,left_only
HV5137 .A38 1991 V. 2,left_only
HV5201.S48 A1 1983,left_only
HV5278.A78 A15,left_only
HV5804 .E53 1995 V. 1,left_only
HV5804 .E53 1995 V. 2,left_only
HV5804 .E53 1995 V. 3,left_only
HV5804 .E53 1995 V. 4,left_only
HV5810 .R53 1994,left_only
HV5833.N45 A523 1971,left_only
HV640 .K57 1989,left_only
HV6515 .S35 1992,left_only
HV6546 .R57 1991,left_only
HV6570 .B75 1995,left_only
HV6626 .F545,left_only
HV6626 .K585,left_only
HV6626.5 .A83 1996,left_only
HV713 .L94 1987,left_only
HV741 .N3133 1969,left_only
HV7428 .B7 1973,left_only
HV743.N5 C3 1997,left_only
HV75.A2 R47 1991,left_only
HV8341 .R46 1940,left_only
HV854 .S3,left_only
HV857.C6 M5,left_only
HV875 .C454 1951,left_only
HV888 .A64,left_only
HV90 .H63 1992,left_only
HV91 .V62 1984,left_only
HV95 .T46,left_only
HV97.A3 F86 1989,left_only
HV97.U553 P46,left_only
HV98.N7 A31 1978,left_only
HV99.N59 M6,left_only
JC599.U5 N59,left_only
JK1010 .A5 1961,left_only
JK1341 .C66 1993,left_only
JK1991 .M26 1990,left_only
JK3402.5 .N72,left_only
JK516 .C57 1989,left_only
JK524 .I36 1976,left_only
JK8774 .C3 NO.2,left_only
JN96.A95 R28,left_only
JN979 .S5 1975,left_only
JX1974 .E57 1993 V. 1,left_only
JX1974 .E57 1993 V. 2,left_only
JX1974 .E57 1993 V. 3,left_only
KB19.B1 S35,left_only
KD785 .C58 1999,left_only
KF228.A84 S25,left_only
KF6335 .W47 1997,left_only
KF889.Z9 F7,left_only
L1 .H67 INDEX,left_only
L182.N5 E2 1943-1944,left_only
L183.N5 A23 V.37 V. PT.1,left_only
L183.N5 A23 V.37 V. PT.1,left_only
L183.N5 A23 V.38,left_only
L183.N5 A23 V.39 1936/37 PT.1,left_only
L183.N5 A23 V.41 1938/39 PT.1,left_only
L900 .H66 1991,left_only
L900 .I47 1998,left_only
L901 .D48 1991,left_only
LA186 .B87 1998,left_only
LA205 .C58 V. 1,left_only
LA205 .C58 V. 2,left_only
LA211 .P37,left_only
LA226 .A58 1995,left_only
LA541.A1 .L3,left_only
LA621.82 .S4,left_only
LA632 .L5,left_only
LA832 .I58,left_only
LB1027 .M84,left_only
LB1027.25 .J64 1992,left_only
LB1027.25 .J64 1998,left_only
LB1027.4 .J64 1993,left_only
LB1027.5 .H59 1991,left_only
LB1028 .B57,left_only
LB1028 .C67 1996,left_only
LB1028 .E3892 1978,left_only
LB1028 .M37,left_only
LB1028.38 .R63 1991,left_only
LB1028.4 .S55 1984,left_only
LB1028.43 .M53,left_only
LB1029.A8 S9 NO.1 1971,left_only
LB1029.S53 D3,left_only
LB1031 .M385 1997,left_only
LB1032 .M67 1999,left_only
LB1044.7 .C4,left_only
LB1044.87 .D42 1999,left_only
LB1044.9.P49 P53 1999,left_only
LB1044.Z9 C6 1990 V. 1,left_only
LB1044.Z9 C6 1990 V. 2,left_only
LB1049 .P7 1979,left_only
LB1050 .D48,left_only
LB1050 .E43,left_only
LB1050 .S75,left_only
LB1050.46 .W36 1984,left_only
LB1050.5 .L33 1985,left_only
LB1050.5 .R48 1994,left_only
LB1051 .B75 1999,left_only
LB1051 .H2527 1996,left_only
LB1051 .S718,left_only
LB1067 .L44,left_only
LB1131.5 .S55 1974,left_only
LB1139.25 .W38 1992,left_only
LB1139.35.P55 S54 1995,left_only
LB1139.5.L35 C55 1996,left_only
LB1139.W7 S84 1995,left_only
LB1140.2 .T385,left_only
LB1140.27 .W37 1987,left_only
LB1140.3 .R64 1997,left_only
LB1173 .K56,left_only
LB1199 .B76 1997,left_only
LB15 .D45 1991,left_only
LB1525 .E338 1999,left_only
LB1525.34 .I56 1990,left_only
LB1532 .M3,left_only
LB1537 .G67,left_only
LB1537 .R59,left_only
LB1570 .H264 1992,left_only
LB1570 .W43 1986,left_only
LB1573 .A332,left_only
LB1573 .B427 1992,left_only
LB1573 .C314 1992,left_only
LB1573 .H64,left_only
LB1573 .M1647 1998,left_only
LB1573 .T22 1997,left_only
LB1573 .Z5,left_only
LB1576 .B54,left_only
LB1576 .D67,left_only
LB1576 .E945 1985 V. 1,left_only
LB1576 .E945 1985 V. 2,left_only
LB1576 .H263 1991,left_only
LB1576 .L475 1999,left_only
LB1576 .M4,left_only
LB1576 .T665 1995,left_only
LB1576 .W835 1986,left_only
LB1580.G7 P34 1997,left_only
LB1584 . C42,left_only
LB1584 .B838 1998,left_only
LB1584 .H24 1991,left_only
LB1585 .C44 1990,left_only
LB1585 .M65 1998,left_only
LB1591 .B84 1999,left_only
LB1591.M3 C15,left_only
LB1607 .C72 1937,left_only
LB1607 .C72 1960,left_only
LB1607 .C72 1969,left_only
LB1607 C72 1950,left_only
LB1620 .G37,left_only
LB1623 .G55 1986,left_only
LB1623 .N3,left_only
LB1631 .L255 1980,left_only
LB1632 .S69,left_only
LB1695.N3 T3,left_only
LB1707 .T24 1998,left_only
LB1715 .H274 1996,left_only
LB1715 .H287 1990,left_only
LB1715 .S69,left_only
LB1731 .B85,left_only
LB1731 .F7 1976 V.1,left_only
LB1731 .F7 1976 V.2,left_only
LB1731 .M866 1998,left_only
LB1738.5 .N36 1996,left_only
LB2301 .R44 1977,left_only
LB2322.2 .A77 1996,left_only
LB2337.2 .C365 1996,left_only
LB2338 .C66 1996,left_only
LB2342 .J38,left_only
LB2343 .B535 1998,left_only
LB2343 .S66 1964,left_only
LB2360 S3 1952,left_only
LB2361.5 .B84 1994,left_only
LB2362.G7 M54 1987,left_only
LB2805 .H266 1988,left_only
LB2805 .H266 1999,left_only
LB2806.35 .R49 1997,left_only
LB2806.4 .H36 1998,left_only
LB2806.4 .S85 1999,left_only
LB2806.P63,left_only
LB2806.W74,left_only
LB2822 .A35,left_only
LB2822.2 .H69 1997,left_only
LB2822.2 .R36 1992,left_only
LB2822.5 .C47 1992,left_only
LB2823 .B7,left_only
LB2825 .K5,left_only
LB2830.2 .R53 1989,left_only
LB2831.5 .R35 1984,left_only
LB2831.92 .B778 1997,left_only
LB2831.92 .N67 1985,left_only
LB2838 .J65 1993,left_only
LB2838 .L28 1997,left_only
LB2844.1.A8 B27 1999,left_only
LB2844.1.A8 F68 1998,left_only
LB2844.1.A8 L67 1998,left_only
LB2844.1.N4 .J65 1997,left_only
LB2844.1.V6 W33 1999,left_only
LB2844.1.W6 N68 1998,left_only
LB2845.7 .S36 1984,left_only
LB2846 .H595 1999,left_only
LB2866.5 .D43 1997,left_only
LB3012.2 .R67 1997,left_only
LB3013 .A96 1998,left_only
LB3044 .H66,left_only
LB3045.5 .H37 1978,left_only
LB3045.66 .R46 1982,left_only
LB3051 .I52 1971,left_only
LB3051 .R445 1998,left_only
LB3051 .T48 1998,left_only
LB3056.G7 A94 1996,left_only
LB3056.G7 T96 1999,left_only
LB3060.83 .F67 1998,left_only
LB3060.83 .K46 1997,left_only
LB3205 .C38,left_only
LB3205 .D6,left_only
LB3218.A1 B78 1998,left_only
LB3218.A1 M2,left_only
LB3218.A1 S33 1994,left_only
LB3218.A1 S56,left_only
LB3219.G7 S25 1987,left_only
LB3221 .E53,left_only
LB3454 .T63 1999,left_only
LB3609 .M39,left_only
LB3621 .E52 1984,left_only
LB7 .A14 1982,left_only
LC1032 .B72 1987,left_only
LC1041.A1 U5,left_only
LC1099.3 .F47 1987,left_only
LC1099.3 .H35 1995,left_only
LC1099.3 .H35 1995,left_only
LC111 .F74 1987,left_only
LC191 .S258 NO.11-14,left_only
LC212.3.G7 R53 1999,left_only
LC220.5 .C646 1999,left_only
LC221 .O87 1986,left_only
LC2669 .F3 1993,left_only
LC268 .W63,left_only
LC2808.S6 S68,left_only
LC311 .L58 1998,left_only
LC311 .Y37 1981,left_only
LC331 .W6 1998,left_only
LC3707 .E53 1998,left_only
LC3731 .C354,left_only
LC3736.G6 E58 1999,left_only
LC3965 .B37 1989,left_only
LC3965 .I56,left_only
LC3969 .M38 1988,left_only
LC3970 .P48 1996 V. 1,left_only
LC3970 .P48 1996 V. 2,left_only
LC3973 .C64 1983,left_only
LC3986.G7 B563 1997,left_only
LC3986.G7 C645 1997,left_only
LC3986.G7 C674 1997,left_only
LC3986.G7 C69 1996,left_only
LC3986.G7 C69 1998,left_only
LC3986.G7 R36 1995,left_only
LC4007 .E9,left_only
LC4015 .P43 1998,left_only
LC4025 .N53 1997,left_only
LC4036.G7 K46 1997,left_only
LC4036.G7 M36 1993,left_only
LC4184.G7 L65 1999,left_only
LC4602 .M26 1972,left_only
LC4603.3 .C87 1986,left_only
LC4616 .M3,left_only
LC4704.85 .G76 1998,left_only
LC4704.85 .T32 1999,left_only
LC4706.G7 L38 1997,left_only
LC4708 .W35 1998,left_only
LC4713.2 .C66 1996,left_only
LC4803.G7 M36 1995,left_only
LC4815 .S33 1987,left_only
LC493 .W685 1962,left_only
LC501 .C77,left_only
LC501 .E92 1957,left_only
LC503.N7 A88 1963,left_only
LC5131 .U74 V. G,left_only
LC5136.G7 U7,left_only
LC5215 .R55 1991,left_only
LC5215 .V35 1998,left_only
LC5219 .I4 1982,left_only
LC5251 .C58 1987,left_only
LC5251 .O37 1976,left_only
LD 1811 .F52 O73 1992,left_only
LD1150 .H3,left_only
LD1811 .F556,left_only
LD1811.F52 P6,left_only
LD1811.F533 S62 1987,left_only
LD1811.F533 S62 1987,left_only
LD1811.F533 S62 1987,left_only
LD2091.G55 K6,left_only
LD3163 .S5,left_only
LD4481.P82 B49 1985,left_only
LD5678 .O63,left_only
LD5679 .L5 1982,left_only
LD7501.N517 H47 1995,left_only
LD763 1968,left_only
LF4823.M28 U54 1993,left_only
LG51.H53 C57 1994,left_only
M1500.F35 A5 1996,left_only
M1503.H35 C5,left_only
M1503.S6 F6 1974,left_only
M1503.S88 N5,left_only
M1507 .B4 M92 1981,left_only
M1507.R63 R6 1995,left_only
M1507.S95 T7,left_only
M1508.2.B6 F5,left_only
M1508.2.D4 L5,left_only
M1619.5 .S65,left_only
M1629 .K4,left_only
M1629.D748 T7 1943,left_only
M178.M5 R5 1978,left_only
M1795 .D5,left_only
M1993.W5 F5,left_only
M1994.B37 A53 V.1,left_only
M1997.E5 L8,left_only
M1997.L23 S6,left_only
M1997.S4 A5,left_only
M1997.T44 M3,left_only
M2.D25 .H6 V.1,left_only
M2.D25 .H6 V.2,left_only
M2.M39 M9 1974,left_only
M219 .C3,left_only
M242 .D4,left_only
M4.M46 R5,left_only
ML102.I5 I5 1996,left_only
ML338 .W318 1998,left_only
ML3477.8.N48 G76 1999,left_only
ML3524 .O34 1999,left_only
ML3534 .S78 1995,left_only
ML3556 .K55,left_only
ML3805 .P4,left_only
ML390 .K35 1994,left_only
ML3920 .N66,left_only
ML410.B4 L2867,left_only
ML410.B627 D3,left_only
ML410.H125 S74 1995,left_only
ML410.L77 R53 1995X,left_only
ML410.M515 F73 1995,left_only
ML410.M52 L3,left_only
ML410.V4 S68 1980,left_only
ML419.D36 W54 1993,left_only
ML420.C18 A62 1998,left_only
ML421.B4 B4 1996,left_only
ML85 .L48,left_only
MT1.P85 E9,left_only
MT3.U5 F3,left_only
MT6 .O53,left_only
MT737 .K37 1989,left_only
MT95 .T36,left_only
MT955 .T39 1997,left_only
N1217 .T74 1989B,left_only
N1620 .M8 1982,left_only
N1680 .O213 1963,left_only
N2030 .A6779 1987,left_only
N2030 .H8 1960,left_only
N2030 .M47 1970,left_only
N2280 .A94,left_only
N2280 .P26 1979,left_only
N2325 .B82 1957,left_only
N2325 .P5 1969,left_only
N2420.E8 N2 1979,left_only
N2560 .E7,left_only
N2940 .A77 1975,left_only
N31 .H3 1937 V. 1,left_only
N31 .J23,left_only
N33 .M23 V. 1,left_only
N33 .M23 V. 2,left_only
N33 .M23 V. 3,left_only
N33 .M23 V. 4,left_only
N33 .M23 V. 5,left_only
N332.B3 I8,left_only
N332.B38 W54,left_only
N332.G3 D76 1990B,left_only
N332.G33 B44 1991,left_only
N332.G33 D474 1988,left_only
N332.G33 D76 1998,left_only
N3350 .E4 1990,left_only
N3350 .G68 1987,left_only
N3350 .H4 1980,left_only
N350 .T4,left_only
N352.2.G3 V47 1989,left_only
N366 .A78 1991,left_only
N3690.Y8 A4513 1977,left_only
N386.U5 S78 V.48,left_only
N40 .C65,left_only
N40 .C65 1983,left_only
N50 .R6 1991,left_only
N520 .A7178 1986,left_only
N520 .A79 NO.3,left_only
N520.A8 O42 1999,left_only
N5220.H295 S6 1993,left_only
N5300 .C78,left_only
N5300 .G25 1980,left_only
N5300 .G25 1986,left_only
N5300 .G32 V.10,left_only
N5300 .G32 V.11,left_only
N5300 .G32 V.12,left_only
N5300 .G32 V.2,left_only
N5300 .G32 V.3,left_only
N5300 .G32 V.4,left_only
N5300 .G32 V.6,left_only
N5300 .G32 V.7,left_only
N5300 .G32 V.9,left_only
N5300 .H283 1989C,left_only
N5300 .H89,left_only
N5300 .J3 1995,left_only
N5300 .J3 1995,left_only
N5300 .J3 1997,left_only
N5300 .M94 1967,left_only
N5300 .P66,left_only
N5300 .P773,left_only
N5300 .T3,left_only
N5310.5.A35 R5 1979,left_only
N5310.5.A83 S8,left_only
"N5330 .C8 1923 V. 2, PT.1",left_only
"N5330 .C8 1923 V. 2, PT.2",left_only
N5336.E3 M37 1999,left_only
N5336.F8 P36 1992,left_only
N5336.F8 P3713 1997,left_only
N5340 .F7,left_only
N5345 .G3,left_only
N5350 .M614,left_only
N5350 .S2 1978,left_only
N5630 .C459,left_only
N5630 .N49 1991,left_only
N5633 .Z46,left_only
N5763 .G6 1926,left_only
N5770 .G73,left_only
N5770 .P64 1979,left_only
N5899.S3 A8 1969,left_only
N5925 .C413 1991,left_only
N5970 .K44,left_only
N5970 .Z37 1975B,left_only
N610 .L4 1969,left_only
N610 .M47 1978,left_only
N620.J48 A6 1986,left_only
N620.M9 A85 1984,left_only
N6250 .B795 1995,left_only
N6250 .R46 1959,left_only
N6264.N4 A484 1999,left_only
N6350 .T5,left_only
N6370 .M37,left_only
N6465.I4 C6 1977,left_only
N6490 .A7 1998,left_only
N6490 .B52,left_only
N6490 .F33 1969,left_only
N6490 .H42,left_only
N6490 .V4 1975,left_only
N6493 1920 .B37,left_only
N6494.A7 A78 1989,left_only
N6494.S8 R8,left_only
N6502.5 .T71 1994,left_only
N6502.57.M63 F56 1992,left_only
N6506 .C3,left_only
N6510.5.N4 C66 1993,left_only
N6512.5.A7 W42 1992,left_only
N6536 .L476 1995,left_only
N6537 .K43 A4 1985,left_only
N6537.B4 S39 1990,left_only
N6537.C27 K57 1996,left_only
N6537.E3 G6 1982,left_only
N6537.E3 G6 1982 V. 2,left_only
N6537.J6 A4 1993,left_only
N6537.K38 W3 1971,left_only
N6537.L5 R6 1999,left_only
N6537.R3 A8,left_only
N6537.S3 L4,left_only
N6537.T96 V27 1994,left_only
N6537.W28 S6 1991,left_only
N6537.W4 A4 1994,left_only
N6537.W64 D38 1994,left_only
N6538.N5 B38 1993,left_only
N6608.B37 A4 1999,left_only
N6757 .V38 1998 V. 1,left_only
N6761 .S38 1969,left_only
N6797.H57 M45 1994,left_only
N6811.5.K55 F56 1998,left_only
N6811.5.P3 A4 1966,left_only
N6811.5.S34 A4 1982,left_only
N6833.P72 H7313 1994,left_only
N6843 .E8 1969,left_only
N6843 .G31,left_only
N6843 .R4,left_only
N6850 .B476 1985,left_only
N6850 .B8513 1996,left_only
N6850 .L5,left_only
N6853 .D33 G7613 1994,left_only
N6853.D8 C22 1976,left_only
N6853.D8 T6 1977,left_only
N6853.G794 A4 1992,left_only
N6853.P5 A4 1986,left_only
N6853.P5 A4 1996B,left_only
N6853.P77 A4 1998,left_only
N6853.R63 A4 1997,left_only
N6853.T6 A4 1981,left_only
N6867.5.R6 R66 1994,left_only
N6888.E7 G35,left_only
N6888.E7 R83 1967B,left_only
N6888.E7 S6413 1991,left_only
N6888.O6 A4 1996,left_only
N6915 .H37 1987,left_only
N6920 .C73 1998,left_only
N6921.V5 H8413 1995,left_only
N6921.V5 R6913 1996,left_only
N6923 .L4185,left_only
N6923.B5 A3 1970,left_only
N6923.B5 A3 1970,left_only
N6923.B9 A4 1962,left_only
N6923.B9 H56 1994,left_only
N6923.P6 E88 1978,left_only
N6923.P622 A4 1996,left_only
N6936 .K48 1983,left_only
N6948.5.D42 W37 1991,left_only
N6948.5.S8 S8,left_only
N6969.F5 S6,left_only
N6981 .Z62,left_only
N6999.C46 A4 1998,left_only
N6999.K3 B3,left_only
N6999.L5 A4 1990,left_only
N6999.L5 T87 1999,left_only
N6999.P67 A4 1991,left_only
N71 .B5,left_only
N71 .M28,left_only
N7101 .S51,left_only
N7103 .P2813 1967B,left_only
N7113.D3 G64 1988,left_only
N7113.F75 A35 1992,left_only
N7133.R44 A4 1997,left_only
N7165 .A85 1987,left_only
N72.H58 L38 1993,left_only
N72.P6 D38 1991,left_only
N7255.P62 K77813 1982,left_only
N7280 .B413,left_only
N7325 .J47 1990,left_only
N7326.6.B34 R361 1986,left_only
N7350 .M27 1993,left_only
N7350 .S65,left_only
N7352 .W66 1994,left_only
N7353.5 .N48 1978,left_only
N7355 .M87 1994,left_only
N7359.K37 H5 1957,left_only
N7369.P35 A4 1993,left_only
N7382 .B3,left_only
N7399.C3 N6 1984,left_only
N7399.C6 M46 1996,left_only
N7399.M3 E97 1988,left_only
N7407.M36 T4 1984,left_only
N7410 .T5 1954,left_only
N7410 .W27 1994,left_only
N7411.N4 N48,left_only
N7416 .W57 1990,left_only
N7417.6 .B59 1981,left_only
N7417.6 .K34 1988,left_only
N7428.5 .D88,left_only
N7429.4 .L83 1994,left_only
N7430 .P692,left_only
N7432.3 .N3 1970,left_only
N7433.7 .R63 1988,left_only
N7433.8 .C6 1984,left_only
N7433.8 .P48 1998,left_only
N7435 .C33 1964,left_only
N7442.2 .P454 1985,left_only
N7572 .B63 1997,left_only
N7606 .C69 1984,left_only
N7660 .K5,left_only
N7668.H6 H68,left_only
N7830 .K45,left_only
N7830 .V6,left_only
N7952.V5 H85 1993,left_only
N7987 .L41,left_only
N7988 .G46 1970,left_only
N8020 .S64 1994,left_only
N8038.5 .M4313 1978,left_only
N8080 .T74,left_only
N8150 .C7,left_only
N8187 .I26,left_only
N8189.C9 C48 1999,left_only
N8190 .M6,left_only
N8214.5.I75 R43 1998,left_only
N8214.5.U6 S6,left_only
N8234.O4 A2,left_only
N8236.P5 P64 1995,left_only
N857.5 .A5,left_only
N8660.G64 S76 1999,left_only
N8660.S34 A2 1961,left_only
N87 .S65,left_only
N910.S36 A87 1981,left_only
NA 3780 .M9 1962,left_only
NA1053.G35 A4 1989,left_only
NA1053.G73 A4 1996,left_only
NA1053.J4 A4 1999 V.8,left_only
NA1053.P72 A4 1993,left_only
NA1065 .H57,left_only
NA1088.G85 G52 1992,left_only
NA1088.M5 A4 1999,left_only
NA1088.S3 A4 1994,left_only
NA1088.S3 B38 1994,left_only
NA1088.V66 G484 1997,left_only
NA1115 .R397 1997,left_only
NA1121.R6 P6,left_only
NA1121.V4 A7,left_only
NA1121.V4 F713 1994,left_only
NA1123.B9 A74 1993,left_only
NA1123.B9 W35 1994,left_only
NA1123.P2 B68 1993,left_only
NA1123.P2 S413,left_only
NA1123.P47 A4 1993 V. 1,left_only
NA1123.P47 A4 1993 V. 2,left_only
NA1123.P47 A4 1993 V. 3,left_only
NA1123.V38 S26 1993,left_only
NA1153.K64 A4 1996,left_only
NA1173.V4 S4613 1989,left_only
NA1199.A2 A43 1965,left_only
NA1208 .A34 1997,left_only
NA1293.A8 C3513 1997,left_only
NA1313.D6 A4 1996,left_only
NA1325 .K8,left_only
NA1353.B67 A4 1993 V. 1,left_only
NA1353.B67 A4 1993 V. 2,left_only
NA1353.B67 A4 1993 V. 3,left_only
NA1455.F53 A215 1998,left_only
NA1455.F53 A2377 1995,left_only
NA1455.F53 A25,left_only
NA1469.H33 A35 1995,left_only
NA1501 .M54 1994,left_only
NA1501 .R36 1997,left_only
NA1543.5 .J813 1998,left_only
NA1559.S5 A4 1994,left_only
NA1605.S4 A4 1992,left_only
NA200 .K65 1985,left_only
NA203 .R33 1986,left_only
NA203.5 .M4 1989,left_only
NA221.D5 D4 1967,left_only
NA2500 .A65 1997,left_only
NA2515 .F5 V. 1,left_only
NA2515 .F5 V. 2,left_only
NA2540 .G65,left_only
NA2542.35 .D36 1997,left_only
NA2545.P5 H6 1984,left_only
NA2610 .K3 1973,left_only
NA2707.L44 A4 1983,left_only
NA2708 .L56 1993,left_only
NA2713 .S64 1993,left_only
NA2713 .W54 1989,left_only
NA2718 .S7 1990,left_only
NA2726.3 .M34 1993,left_only
NA275 .G7,left_only
NA2750 .C675 1995,left_only
NA2794 .L5 1994 V. 1,left_only
NA2794 .L5 1994 V. 2,left_only
NA280 .T68,left_only
NA283.A7 A3 V.14,left_only
NA3 .B33 1912,left_only
NA31 .C44 1995,left_only
NA31 .S23 1968,left_only
NA3321 .C5 1862,left_only
NA3340 .I6 1997,left_only
NA370 .M36 1976,left_only
NA3770 .C5,left_only
NA3780 .B66,left_only
NA380 .S47 1989,left_only
NA381 .C72 V. 1 PT. 1,left_only
NA381 .C72 V. 1 PT. 2,left_only
NA387 .S75 1991,left_only
NA390 .K881,left_only
NA4125 .T4,left_only
NA4160 .S29 1996,left_only
NA4800 .A7,left_only
NA4800 .N587 1990,left_only
NA4830 .M217 1999,left_only
NA5453 .S95 1984,left_only
NA5463 .F4 1984,left_only
NA5463 .H3,left_only
NA5467 .N52,left_only
NA590 .N6,left_only
NA6002 .D43,left_only
NA6040 .P7 1967,left_only
NA6230 .D87 1996,left_only
NA6230 .J63,left_only
NA6232 .I73 1990,left_only
NA6232 .S5 1990,left_only
NA6275.I7 K56 1993,left_only
NA680 .K5713 1988,left_only
NA682.P67 J4 1990,left_only
NA6821 .S55,left_only
NA705 .C4,left_only
NA705 .M413 1993,left_only
NA707 .M55,left_only
NA710 .M3 1983,left_only
NA7109 .S4 1978,left_only
NA7110 .S83 1999,left_only
NA712 .R86 1989,left_only
NA7123 .G35 1993,left_only
NA7126 .G78 1997,left_only
NA7238.C4 H37 1993,left_only
NA7238.N36 P45 1993,left_only
NA7274 .L5913 1999,left_only
NA730.N4 A7,left_only
NA735.C4 L68 1993,left_only
NA735.D4 F4,left_only
NA735.L3 V4,left_only
NA735.N5 B8 1986,left_only
NA735.N5 G73 1992,left_only
NA7351.S7 P6 1991,left_only
NA737.B84 K75 1988,left_only
NA737.E33 A4 1994,left_only
NA737.G72 A4 1982,left_only
NA737.G73 M335 1998,left_only
NA737.H56 A4 1996,left_only
NA737.I786 A4 1994,left_only
NA737.K32 A4 1987,left_only
NA737.L45 L36 1987,left_only
NA737.M44 A42 1990,left_only
NA737.M84 S5 1990,left_only
NA737.P365 W57 1990,left_only
NA737.R68 R88 1986,left_only
NA737.U7 C37 1992,left_only
NA737.V38 A72 1994,left_only
NA737.W26 A5,left_only
NA737.W7 A3,left_only
NA737.W7 A46,left_only
NA737.W7 B68 1993,left_only
NA737.W7 M27 1999,left_only
NA737.W7 N88 1993,left_only
NA737.W7 P28 1994,left_only
NA737.W7 S74 1992,left_only
NA750 .B4,left_only
NA759.B36 A4 1996,left_only
NA759.L44 R53 1997,left_only
NA7594 .M86 1986,left_only
NA7710 .C6713,left_only
NA7756.F5 G8 1995,left_only
NA7860 .A7 1981,left_only
NA859.N5 U54 1994,left_only
NA9030 .M48,left_only
NA9031 .D4,left_only
NA9127.C4 B58 1991,left_only
NA9127.C4 B58 1991,left_only
NA9127.C4 C7 1970,left_only
NA9204.R7 K7 1985,left_only
NA957 .S53 1999,left_only
NA958 .W48 1974,left_only
NA966 .D37 1997,left_only
NA997.F65 N67 1989 V. 1,left_only
NA997.F65 N67 1989 V. 2,left_only
NA997.F65 N67 1989 V. 3,left_only
NA997.F65 N67 1989 V. 4,left_only
NA997.M3 J65 1990,left_only
NA997.V3 D68,left_only
NB1002 .F573,left_only
NB1021 .B571,left_only
NB104 .S73,left_only
NB1097.S8 N4,left_only
NB1097.W4 N4,left_only
NB1099.N5 F34,left_only
NB1143 .S4,left_only
NB115 .B7,left_only
NB1170 .E7 1992,left_only
NB1220 .H3 1994,left_only
NB1265 .A83 1981,left_only
NB1265 .L82 1977,left_only
NB1270.G4 A77 1992,left_only
NB1270.P4 M38 1990,left_only
NB1296.3 .P65 1987,left_only
NB1296.3 .P65 1987,left_only
NB1370 .R5,left_only
NB170 .H5,left_only
NB175 .D4 1972,left_only
NB180 .F7,left_only
NB1840 T7,left_only
NB193.B93 S78 1989,left_only
NB197.3 .J3 1985,left_only
NB197.3 .R5,left_only
NB198 .S4 1969,left_only
NB210 .G3 1968,left_only
NB237.B72 A4 1994,left_only
NB237.C28 A4 1998,left_only
NB237.O42 A4 1994,left_only
NB237.R5 R6,left_only
NB237.S5 K7,left_only
NB543 .V53 1973,left_only
NB553.B22 R4,left_only
NB553.M39 E4,left_only
NB553.P4 P42,left_only
NB553.P45 A4 1998,left_only
NB553.R7 A252,left_only
NB563 .P3 1969,left_only
NB565 .S65 1994,left_only
NB588.B35 C313 1969,left_only
NB588.R5 A4 1966,left_only
NB60 .B39,left_only
NB611 .P8 1996 V. 1,left_only
NB611 .P8 1996 V. 2,left_only
NB611 .P8 1996 V. 3,left_only
NB611 .T9,left_only
NB623.B9 A4 1973,left_only
NB623.C3 A4 1981,left_only
NB623.D7 P66 1993,left_only
NB75 .C6,left_only
NB75 .S45,left_only
NB803 .P6 1969,left_only
NB805 .G61 1971,left_only
NB87.B6 M8,left_only
NB90 .L8 1957,left_only
NB90 .R57 V. 1,left_only
NB90 .R57 V. 2,left_only
NB90 .R57 V. 3,left_only
NB94 .R52 1988,left_only
NB94 .R53 1970,left_only
NB955.P63 A23 1994,left_only
NC1000 .G74 1993,left_only
NC1001.5 .D4745 1997,left_only
NC1002.C4 P67 1997,left_only
NC1005 .M6,left_only
NC1045 .W58,left_only
NC1055.T4 D4,left_only
NC1060 .C59,left_only
NC1075.D47 A4,left_only
NC1075.P46 S6 1937,left_only
NC1075.S47 S6,left_only
NC1085.R8 H38 1959 V. 1,left_only
NC1085.R8 H38 1959 V. 2,left_only
NC139.G87 B36 1994,left_only
NC139.H65 A4 1989,left_only
NC139.M246 A4 1999,left_only
NC139.M26 A4 1998,left_only
NC139.W43 A4 1996,left_only
NC1428 .N427 1951,left_only
NC1429.S84 A5,left_only
NC1479.B37 A5 1971,left_only
NC1765 .B555 1980,left_only
NC1766.U52 D58 1958,left_only
NC1766.U52 D7337 1998,left_only
NC1807.P6 C66 1979,left_only
NC1810 .H54 1972,left_only
NC1850.C45 S6,left_only
NC1850.C54 R6 1993,left_only
NC1850.M8 M8,left_only
NC225 .B42 1967B,left_only
NC245.K55 A5,left_only
NC246 .S75 1999,left_only
NC248.D38 A44 1973,left_only
NC248.W3 P3 1970,left_only
NC251.D65 .A481,left_only
NC255 .I82 1976,left_only
NC255 .V53,left_only
NC256.F5 B4 1970,left_only
NC256.F5 B4 1970 V. VOL.1,left_only
NC256.F5 B4 1970 V. VOL.3,left_only
NC256.R6 B4,left_only
NC256.V4 T5 1970 V. 1,left_only
NC256.V4 T5 1970 V. 2,left_only
NC257.B6 C5,left_only
NC257.T5 H3 1970,left_only
NC323.M84 A4 1989,left_only
NC50 .E5,left_only
NC50 .K5,left_only
NC730 .M396 1976,left_only
NC765 .L6,left_only
NC765 .R39 1997,left_only
NC845 .T97 1997,left_only
NC885.D4 C6,left_only
NC890 .G78,left_only
NC965 .F4,left_only
NC968 .G73 1997,left_only
NC974 .R63 1998,left_only
NC975 .I56 1986,left_only
NC975 .P83 V.29,left_only
NC975 .W3,left_only
NC975.5.P46 A4 1994,left_only
NC978.5.C7 E5,left_only
NC997 .H5,left_only
NC998.4 .B76 1996,left_only
NC998.5 .A1 P76 1992,left_only
NC998.5.A1 A37 V. 13,left_only
NC998.5.A1 A37 V. 4,left_only
NC998.5.A1 A37 V. 5,left_only
NC998.5.A1 A37 V. 6,left_only
NC998.5.N72 N7 1997,left_only
NC998.6.N4 B7613 1993,left_only
NC999.4.B43 R46 1996,left_only
NC999.6.G7 W49 1998,left_only
ND1002 .B376 1963,left_only
ND1007.K35 R3,left_only
ND1010.8.N42 K385 1999,left_only
ND1043.3 .F66 1992,left_only
ND1043.5 .C33 1978,left_only
ND1043.5 .S5 1978 V.1,left_only
ND1043.5 .S5 1978 V.2,left_only
ND1043.5 F82,left_only
ND1043.5 F82,left_only
ND1049.S44 E4,left_only
ND1049.W18 A77,left_only
ND1210 .S438,left_only
ND1263 .W47,left_only
ND1280 .I813,left_only
ND1290.5 .G73 1996,left_only
ND1300 .S2 1981,left_only
ND1327.E3 B755 1997,left_only
ND1329.P42 M56 1992,left_only
ND1337.I52 N35 1997,left_only
ND1356.5 .D39 1990,left_only
ND137 .B36,left_only
ND1370 .R627 1999,left_only
ND140 .D8,left_only
ND140 .G7,left_only
ND142 .G7,left_only
ND1432.I8 I82 1994,left_only
ND1452.N43 B77 1984,left_only
ND1500 .M35 1987,left_only
ND1500 .S48 1983,left_only
ND1650 .N53 1999,left_only
ND170 .H35 1992,left_only
ND170 .M4 1994,left_only
ND180 .D8,left_only
ND180 .T713,left_only
ND1839.F59 A4 1996,left_only
ND1954.D8 C4,left_only
ND210 .H65 1993,left_only
ND212 .B3,left_only
ND212 .H37,left_only
ND212 .T5,left_only
ND212 .W313 1970A,left_only
ND212.5.S75 Y7,left_only
ND2133 .P28,left_only
ND237 .S58 A2 1975,left_only
ND237.C7 F6 1993,left_only
ND237.F67 S4,left_only
ND237.F675 R6,left_only
ND237.G7 E3 1976,left_only
ND237.J7 A4 1999,left_only
ND237.K38 G6,left_only
ND237.L35 J23 1993,left_only
ND237.M179 A4 1997,left_only
ND237.M179 D4 1992,left_only
ND237.M422 A4 1998,left_only
ND237.M78 K3,left_only
ND237.O5 A46,left_only
ND237.R3 L4,left_only
ND237.R62 G8,left_only
ND237.S75 A4 1979,left_only
ND237.W4 E8,left_only
ND237.W4 V6 1986,left_only
ND237.W6 P7,left_only
ND2468 .S85 1999,left_only
ND2468 .V52 1973,left_only
ND2575 .D4 1965,left_only
ND2646.M34 P47 1993,left_only
ND2746 .M5,left_only
ND2755 .R6813 1996,left_only
ND2757.U73 C5 1986,left_only
ND2848.S44 S4,left_only
ND2900 .D4 1997,left_only
ND2920 .A44 1992,left_only
ND2920 .A44 1992,left_only
ND2930 .W42,left_only
ND2955 .W44 1982,left_only
ND3046.L34 T69,left_only
ND3132.C3 D6,left_only
ND3150.B6 M4,left_only
ND3159 .A54 1977,left_only
ND3239.A7 T74 1994,left_only
ND3240.J47 A7,left_only
ND3286.E8 L43 1967,left_only
ND3355 .I5,left_only
ND3356 .I44 V.1,left_only
ND3359 .B7 1974,left_only
ND3359 .B7 1974,left_only
ND3359.B7 S8 1952,left_only
ND3399.F5 W4,left_only
ND466 .B6 1938A,left_only
ND467 .G32,left_only
ND467 .M26 1969B,left_only
ND467 .M26 1984,left_only
ND467 .V56 1989,left_only
ND497.C7 A4 1979,left_only
ND497.H7 A4 1967,left_only
ND497.N58 A4,left_only
ND497.R8 A9 1995,left_only
ND497.T8 A4 1982 V. 1,left_only
ND497.T8 A4 1982 V. 2,left_only
ND497.T8 H4,left_only
ND497.T8 H64 1974,left_only
ND50 .J28,left_only
ND511.5.K55 A4 1978,left_only
ND511.5.K55 W48 1995,left_only
ND511.5.K6 B85,left_only
ND511.5.S3 M3 1994,left_only
ND511.5.S3 M5,left_only
ND544 .S7 1958,left_only
ND545 .R43,left_only
ND545 .R5,left_only
ND546 .T4,left_only
ND547 .S5 1973,left_only
ND547.5.I4 B74 1993,left_only
ND547.5.I4 K43,left_only
ND547.5.I4 T56 1994,left_only
ND550 .H47 1988,left_only
ND550 .H47 1988,left_only
ND553.B65 W37 1994,left_only
ND553.B7 A4 1980,left_only
ND553.B8 A4 1971,left_only
ND553.C33 A4 1970,left_only
ND553.C33 L6 1947,left_only
ND553.C33 M8 1972,left_only
ND553.C33 N62 1948,left_only
ND553.C33 S4,left_only
ND553.C355 C5 1983,left_only
ND553.C9 A4 1985,left_only
ND553.D24 A4 1971,left_only
ND553.D24 M3 V. 1,left_only
ND553.D24 M3 V. 2,left_only
ND553.D3 A4 1970,left_only
ND553.D3 B7,left_only
ND553.D3 R54 1990,left_only
ND553.D33 A4 1972,left_only
ND553.F67 W33,left_only
ND553.F7 A4 1972,left_only
ND553.G24 A3 1993,left_only
ND553.G27 A4 1972,left_only
ND553.G3 .A4 1975,left_only
ND553.G4 A4 1978,left_only
ND553.I5 C3,left_only
ND553.L28 A4 1973,left_only
ND553.M3 A4 1967,left_only
ND553.M37 A4 1971,left_only
ND553.M37 R8,left_only
ND553.M7 A4 1972,left_only
ND553.M7 A4 1998,left_only
ND553.M7 S62 1992,left_only
ND553.P4 P424,left_only
ND553.P5 A4 1968,left_only
ND553.P5 A4 1972,left_only
ND553.P5 C53,left_only
ND553.P5 F4513 1996,left_only
ND553.P5 J3,left_only
ND553.P5 L48,left_only
ND553.P5 W45,left_only
ND553.P5 W45,left_only
ND553.P5 W45 1977,left_only
ND553.P8 A4 1974,left_only
ND553.P8 T5 1994,left_only
ND553.R45 A4 1972,left_only
ND553.R67 A4 1969,left_only
ND553.S5 A4 1972,left_only
ND553.S7 A4 1973,left_only
ND553.T7 A4 1969,left_only
ND553.W3 A4 1968,left_only
ND563 .L31,left_only
ND565.L6 A4 1965,left_only
ND567.5.R6 G35 1986,left_only
ND568.5.E9 M8,left_only
ND588.B37 F5 1973,left_only
ND588.D8 K64 1993,left_only
ND588.D9 A4 1968,left_only
ND588.E5 A4 1966,left_only
ND588.F75 A4 1976,left_only
ND588.G7 A4 1972,left_only
ND588.G7 S239 1969,left_only
ND588.H7 A4 1971,left_only
ND611 .C47 1992,left_only
ND611 .M89 1994 V. 1,left_only
ND615 .P8 1927 V. 1,left_only
ND615 .P8 1927 V. 2,left_only
ND615 .P8 1927 V. 4,left_only
ND615 .P8 1927 V. 5,left_only
ND615 .P8 1927 V. 6,left_only
ND621.V5 G55 1964,left_only
ND623 S32,left_only
ND623 S32,left_only
ND623.A6 A4 1967,left_only
ND623.B39 A4 1969,left_only
ND623.B39 F5,left_only
ND623.B39 H3,left_only
ND623.B43 A4 1974,left_only
ND623.B43 P3 1961,left_only
ND623.B55 A4 1969,left_only
ND623.B566 A4 1970,left_only
ND623.B7 A4 1967,left_only
ND623.B7 L53 1989,left_only
ND623.B7743 A4 1978,left_only
ND623.B8 A4 1973,left_only
ND623.B8 C68 1993,left_only
ND623.B9 C273 1969,left_only
ND623.B9 C2913 1994,left_only
ND623.B9 M31,left_only
ND623.C2 P8,left_only
ND623.C26 A4 1967,left_only
ND623.C26 D4,left_only
ND623.C26 G3 1980,left_only
ND623.C3 A4 1967,left_only
ND623.C36 A4 1976,left_only
ND623.C37 A4 1970,left_only
ND623.C56 A4 1984,left_only
ND623.C56 F3,left_only
ND623.C6 A4 1975,left_only
ND623.C72 P6,left_only
ND623.C9 A4 1975,left_only
ND623.D8 A4 1972,left_only
ND623.D8 S8 V. 1,left_only
ND623.D8 S8 V. 2,left_only
ND623.F32 A4 1976,left_only
ND623.F34 A4 1970,left_only
ND623.F5 A4 1970,left_only
ND623.F5 D5313 1995,left_only
ND623.F78 A4 1967,left_only
ND623.F78 C6,left_only
ND623.G33 E5,left_only
ND623.G5 A4 1968,left_only
ND623.G6 A34,left_only
ND623.G6 B26 1966,left_only
ND623.G6 B4313 1995,left_only
ND623.G6 H313 1998,left_only
ND623.G8 A64 1994,left_only
ND623.G9 A4 1974,left_only
ND623.H3 A4 1971,left_only
ND623.L4 A19 1967,left_only
ND623.L5 A45 1951,left_only
ND623.L5 A45 1956,left_only
ND623.L5 A45 1989,left_only
ND623.L74 A4 1974,left_only
ND623.L8 A4 1975,left_only
ND623.M3 B42 1967,left_only
ND623.M4 A4 1970,left_only
ND623.M4 P39,left_only
ND623.M43 A4 1968,left_only
ND623.M66 A4 1970,left_only
ND623.P255 A4 1980,left_only
ND623.P4 A4 1969,left_only
ND623.P52 A4 1982,left_only
ND623.P55 A4 1976,left_only
ND623.P62 A4 1980,left_only
ND623.P68 A4 1972,left_only
ND623.R2 A4 1968,left_only
ND623.R2 B4,left_only
ND623.R2 D413,left_only
ND623.R2 S3,left_only
ND623.R58 A4 1976,left_only
ND623.R6 A4 1971,left_only
ND623.R7 A4 1975,left_only
ND623.S4 A4 1973,left_only
ND623.T5 A4 1968,left_only
ND623.T5 C4,left_only
ND623.T6 A4 1970,left_only
ND623.T7 A4 1969,left_only
ND623.T97 O63 1974,left_only
ND623.U4 A4 1971,left_only
ND623.U4 P56 1969,left_only
ND623.V5 M3 1968,left_only
ND645 .C5 1981,left_only
ND646 .H3 1996,left_only
ND646 .N37 1972,left_only
ND653 .G7 U36 1994,left_only
ND653.B65 A65 1979,left_only
ND653.B65 C45 1966,left_only
ND653.G7 A4 1971 V. 1,left_only
ND653.G7 A4 1971 V. 2,left_only
ND653.G7 S36 1994,left_only
ND653.H2 A4 1974,left_only
ND653.M76 A4 1974,left_only
ND653.R4 A4 1969,left_only
ND653.R4 B6,left_only
ND653.R4 G4513 1968,left_only
ND653.R4 H31 1969,left_only
ND653.V5 B78 1993,left_only
ND653.V5 G6,left_only
ND653.V5 S5,left_only
ND665 .H4,left_only
ND665 .P84,left_only
ND665 .P87,left_only
ND673.B73 F6,left_only
ND673.B73 F6,left_only
ND673.B73 F6 1972,left_only
ND673.C47 A4 1994,left_only
ND673.D9 A4 1980 V. 1,left_only
ND673.D9 A4 1980 V. 2,left_only
ND673.D9 V35 1994,left_only
ND673.E87 O6,left_only
ND673.E87 P6,left_only
ND673.M35 M48 1990,left_only
ND673.M43 A4 1984,left_only
ND673.M5 A4 1969,left_only
ND673.M5 A4 1994,left_only
ND673.R9 R6,left_only
ND699.C5 C45,left_only
ND70 .B4,left_only
ND773.M8 L67 1994,left_only
ND773.N39 A4 1994A,left_only
ND803 .U5,left_only
ND804 .B74 1991,left_only
ND813.G7 A4 1974,left_only
ND813.G7 H3,left_only
ND813.G75 K29 1968,left_only
ND813.M9 A4 1978,left_only
ND813.R5 A4 1978,left_only
ND813.T4 A4 1969,left_only
ND813.T4 B7 1950,left_only
ND813.T4 G5,left_only
ND813.T4 G5 1954,left_only
ND813.T4 G8,left_only
ND813.V4 B32 1969,left_only
ND813.V4 B4 1950,left_only
ND813.Z85 A4 1973,left_only
ND853.F8 A4 1977,left_only
ND853.F8 K4 1974,left_only
ND853.F8 W4 1994,left_only
ND853.L5 A4 1978,left_only
ND980 .P47 1990,left_only
ND999.S2 A4 1987,left_only
NE1147.6.C7 A55 1974,left_only
NE1321.85.K38 C53 1994,left_only
NE2052.5.P5 A42 1975,left_only
NE2052.5.P5 A54 1973,left_only
NE2054.5.R4 W45 1999,left_only
NE2062.5.G6 S3,left_only
NE2130 .E35,left_only
NE2135 .P4,left_only
NE2312.W4 S8,left_only
NE2312.W45 A4 1998 V. 1,left_only
NE2312.W45 A4 1998 V. 2,left_only
NE2454 .R45 1998,left_only
NE468.A5 H8,left_only
NE539.B68 W94 1994,left_only
NE539.F44 P7,left_only
NE539.L424 A4 1995,left_only
NE543.F53 L48 1972,left_only
NE642.H6 S5 1973,left_only
NE650.P62 B5 V. 1,left_only
NE650.P67 A4 1999,left_only
NE650.R46 A4 1999,left_only
NE670.E75 L6,left_only
NE702.G7 A45 1969,left_only
NE702.G7 A57,left_only
NE850 .R59,left_only
NK1039.S2 T6 1982,left_only
NK1141 .B64 1990,left_only
NK1141 .I57 1997,left_only
NK1165 .S8 1973,left_only
NK1170 .C7 1990,left_only
NK1177 .B6,left_only
NK1355 .M67 1993,left_only
NK1535.E25 N48 1989,left_only
NK1535.S72 A4 1996,left_only
NK1655 .I88 K27 V.1,left_only
NK1655 .I88 K27 V.2,left_only
NK2004 .R87 1992,left_only
NK2110 .P46,left_only
NK2115.5.C45 C54 1995,left_only
NK2230 .A7 1936,left_only
NK2407 .B43 1998,left_only
NK2439.H47 A4 1994,left_only
NK2528 .C459,left_only
NK2599 .B8 1964,left_only
NK2715 .B55 1983,left_only
NK2808 .C26,left_only
NK3600 .L36 1968,left_only
NK3633.A2 G5 1982,left_only
NK3634.A2 F74 1986,left_only
NK3634.A2 F74 1986,left_only
NK3880 .A76,left_only
NK4165 .Q4 1987,left_only
NK4670.7.P6 S2213 1998,left_only
NK4710 .A33 1998,left_only
NK5000 .S37 1975,left_only
NK5104 .S28,left_only
NK5112 .M22 1950,left_only
NK5349.A2 A9 1947,left_only
NK5500 .M4,left_only
NK5943 .B42,left_only
NK5989 .B37 1988,left_only
NK6404 .G4 1971,left_only
NK6408.9 .F44 1980,left_only
NK6474.A1 V5 1982,left_only
NK7107.15 .S75 1997,left_only
NK7398.F32 A4 1998,left_only
NK7398.F35 P87 1999,left_only
NK7983.22 .D4 1983,left_only
NK806 .A5,left_only
NK8298.Y45 A53 1992,left_only
NK835.P4 L5,left_only
NK8875 .H37 1996,left_only
NK9112 .H63 1973,left_only
NK925 .B67,left_only
NK925 .H35,left_only
NK946.H63 A4 1992,left_only
NK9505.2.Z282 T366 1996,left_only
NK9728.A1 T7,left_only
NX440 .F56 1991,left_only
NX503.A1 A1 1984,left_only
NX533 .B3,left_only
NX589.6.N5 Y67 1994,left_only
NX589.6.N52 I343 1984,left_only
NX600.W53 P6 1974,left_only
P1035 .C529,left_only
P1035 .C53,left_only
P106 .L67 1996,left_only
P3 .T5 INDEX 1940 V. 1,left_only
P3 .T5 INDEX 1940 V. 2,left_only
P3 .T5 INDEX 1940 V. 3,left_only
P91.3 .H3535 1997,left_only
P93.5 .T84 1990,left_only
PA3201 .B52 1961,left_only
PA3201 .I97 1992,left_only
PA3825.A6 P7 1985,left_only
PA3827.A7 M7 1961,left_only
PA3872.A1 C6 1960,left_only
PA3872.Z8 P36 1996,left_only
PA3877 .A8 1959,left_only
PA3975.A2 V42 1963,left_only
PA3992 .Z8 1970,left_only
PA4025.A5 M36 1990,left_only
PA445.E5 L6 1968,left_only
PAZ105 .A9 1986,left_only
PAZ113 .B3,left_only
PAZ113 .T86,left_only
PAZ115.D4 C7,left_only
PC2068.G7 S8,left_only
PC2640 .L375 1993,left_only
PC4625 .A3 1970,left_only
PE1128.A2 G3 1995 TEACHER V. 020102,left_only
PE1408 .W577 1986,left_only
PE1478 .K36,left_only
PE1625 .A54,left_only
PE1625 .C4 1889A V. 1,left_only
PE1625 .C4 1889A V. 2,left_only
PE1625 .C4 1889A V. 3,left_only
PE1625 .C4 1889A V. 4,left_only
PE1625 .C4 1889A V. 5,left_only
PE1625 .C4 1889A V. 6,left_only
PE1625 .M72 1933 V. 1,left_only
PE1625 .M72 1933 V. 2,left_only
PE1625 .W32 1961,left_only
PE1625 .W33 1994,left_only
PE1628 .A623 1992,left_only
PE1691 L72,left_only
PE2846 .S59 1997,left_only
PE2970.E2 K8,left_only
PJ1555.E5 F38 1985,left_only
PJ4054.N5 C48,left_only
PJ5111 .N4,left_only
PJ6640 .L3 1955 V. 1/1,left_only
PJ6640 .L3 1955 V. 1/2,left_only
PJ6640 .L3 1955 V. 1/3,left_only
PJ6640 .L3 1955 V. 1/4,left_only
PK2971 .H3 V.10,left_only
PL2464.Z6 L4,left_only
PL782.A1 J35 1990 V. 1945-1990,left_only
PM753.Z7 B7,left_only
PN1009.A1 P52,left_only
PN1009.A1 W73 1988,left_only
PN1023 .S6,left_only
PN1035 .C71 1981,left_only
PN1590.G73 H45 1995,left_only
PN1625 .D72 1991 V. 1,left_only
PN1625 .M3 V. 1,left_only
PN1625 .M3 V. 2,left_only
PN1625 .M3 V. 3,left_only
PN1625 .M3 V. 4,left_only
PN1701 .C556 1998,left_only
PN1979.S5 G5,left_only
PN1980 .A3,left_only
PN1991.5 .S4,left_only
PN1992.3.U5 A15 1998,left_only
PN1992.77 .M293 C6 1981,left_only
PN1992.77.E39 L4 1992,left_only
PN1992.77.G694 D86 1997,left_only
PN1992.77.I25 M33 1995,left_only
PN1992.77.I25 W37 1999,left_only
PN1992.8.Q5 S38 1995,left_only
PN1992.95 .G39 1991,left_only
PN1993.5.A1 L5,left_only
PN1993.5.A35 S48 1992,left_only
PN1993.5.U6 A597 1999,left_only
PN1993.5.U6 B667 1986,left_only
PN1993.5.U6 G7,left_only
PN1993.A1 R388 1982 V. 1,left_only
PN1993.A1 R388 1982 V. 2,left_only
PN1995 .F485 1986 V. 1,left_only
PN1995 .F485 1986 V. 2,left_only
PN1995.9.A74 S46 1994,left_only
PN1995.9.E8 J6,left_only
PN1996 .V5 1976,left_only
PN1997 .C5,left_only
PN1997.V574 F4 1990,left_only
PN1998.3.G63 J43 1992,left_only
PN2013 .B3,left_only
PN2020 .E52,left_only
PN2041.A57 A5313 1991,left_only
PN2091.S8 B35,left_only
PN2091.S8 B68,left_only
PN2091.S8 H25,left_only
PN2091.S8 H25,left_only
PN2091.S8 M62,left_only
PN2091.S8 P4,left_only
PN2091.S8 S73,left_only
PN2096.B34 S3 1991,left_only
PN2096.S9 A3 1993,left_only
PN2096.S9 B8,left_only
PN2099.U6 N44 1993,left_only
PN2266 .B58 1960,left_only
PN2266 .V35 1993,left_only
PN2270.A35 A53 1989,left_only
PN2277.N5 B56 1991,left_only
PN2277.N5 M58 1999,left_only
PN2277.N5 S25 1991,left_only
PN2277.S8 A4,left_only
PN2286 .H84,left_only
PN2287.F45 D4 1966A,left_only
PN2587 .D38 1991,left_only
PN2589 .G74 V. 2,left_only
PN2921 .J28 1997,left_only
PN2924.5.K3 G8,left_only
PN3157 .W24,left_only
PN3171 .B37 1987,left_only
PN3206 .O54,left_only
PN3451 .N68 1980,left_only
PN4728 .P3,left_only
PN4784.E3 J68 1985,left_only
PN4784.T4 G36 1998,left_only
PN5114 .M7,left_only
PN56.M38 A1 1982,left_only
PN6110.C4 L4,left_only
PN6710 .W6 1999B,left_only
PN6727.F75 A7 1990,left_only
PN6727.M55 A2 1999,left_only
PQ2191.F6 L39 1971,left_only
PQ2258 .M313 1943,left_only
PQ2283.A5 H3 1955,left_only
PQ2609.L75 A65 1993,left_only
PQ2664.E524 H69 1971,left_only
PQ4315.13 .C29,left_only
PQ4329.B751 B328,left_only
PQ4496.E23 B43 1966,left_only
PQ4620 .Z614 1997,left_only
PQ6172 .S47 1968,left_only
PQ6175 .M34 1978,left_only
PQ6180 .B2 1971,left_only
PQ6329 .A2 1950B,left_only
PQ6398.H31 K6,left_only
PQ6623.A816 Z64 1999,left_only
PQ7297.V6 N57 1987,left_only
PQ7433 .A5,left_only
PQ7436 .C67 1965,left_only
PQ7439.B9 J8,left_only
PQ7439.G3 A17 1960,left_only
PQ7439.L6 A17 1975,left_only
PQ7439.R7 A17 1960,left_only
PR1121 .R6,left_only
PR1149 .B63 V. 1,left_only
PR1903 .R67 1999,left_only
PR2244 .D4 1883,left_only
PR2411 .R5 1912,left_only
PR2661 .E5 1966,left_only
PR2751 .A15 1968,left_only
PR2759 .G8,left_only
PR2812.A2 E8 1951,left_only
PR2890 .W3,left_only
PR2892 .S662,left_only
PR2893 .S3,left_only
PR2893 .S32,left_only
PR2894 .F76,left_only
PR2976 .W55 V. VOL. I,left_only
PR2976 .W55 V. VOL. II,left_only
PR2976 .W55 V. VOL. III,left_only
PR2987 .S47 1992,left_only
PR2987 .W42 1995,left_only
PR3562 .B4 1983,left_only
PR4168 .W49 1975,left_only
PR4580 .D38 1998,left_only
PR4713 .A1 1958,left_only
PR5363 .A7 1966,left_only
PR5363 .P3 1971,left_only
PR5774 .I5 1967,left_only
PR6003.E4 Z4 1960,left_only
PR6019.O9 U62 1962,left_only
PR6019.O9 U6543,left_only
PR6045.O72 Z729 1995,left_only
PR6065.G75 I3 1997B,left_only
PR644.C4 P47 1981,left_only
PR830.D4 M97 1998 V. 1,left_only
PS1308 .A1 1948,left_only
PS1331 .M4,left_only
PS1331 .R37 1995,left_only
PS1608 .A1 1934,left_only
PS3511.I91 B692,left_only
PS3525.I19 T3 1947A,left_only
PS3525.I52 Z52,left_only
PS3525.I5454 T5,left_only
PS3531.A783 W5 .V1,left_only
PS3531.A783 W5 .V2,left_only
PS3535.A53 Z82 1998,left_only
PS3537.I87 J8 1965,left_only
PS3537.T3178 S95 1969,left_only
PS3541.N547 M66 1967,left_only
PS3541.N547 T57 1962,left_only
PS3545.I545 T3,left_only
PS3551.N46 N68 1994,left_only
PS3562.A9124 H37 1968,left_only
PS3562.I567 A65 1969,left_only
PS3569.A48 S9,left_only
PS3570.H6648 K37 1999,left_only
PS3570.H6648 K38 1999,left_only
PS3573.A885 P35 1996,left_only
PS3573.E5 I8,left_only
PS379 S6 1997,left_only
PS586.3 .R3 1983,left_only
PS591.A76 T33 1998,left_only
PS663.M55 V64 1996,left_only
PS88 .D28,left_only
PT2281.G22 F6,left_only
PT2603.U8 A22,left_only
PT2668.O47 L5513,left_only
Q121 .V3 1995 V. 1,left_only
Q121 .V3 1995 V. 2,left_only
Q141 .B58 1990,left_only
Q141 .P44 1994,left_only
Q143.L5 A3 1989,left_only
Q158.5 .S356 1995,left_only
Q160 .L68,left_only
Q162 .S4,left_only
Q172.5.S95 F54 1992,left_only
Q181 .M125,left_only
Q181 .N48 1990,left_only
Q335 .E53 1987 V. 1,left_only
Q335 .E53 1987 V. 2,left_only
QA11 .B54,left_only
QA11 .H26 1992,left_only
QA11 .L37 1992,left_only
QA11 .S84 1993,left_only
QA11 .T46 1993,left_only
QA135 .G85 1955,left_only
QA135.5 .E85 1986 V. SUPPL.,left_only
QA135.5 .E86 1987 V. SUPPL.,left_only
QA135.5 .L42 1997,left_only
QA135.5 .M3675 1990,left_only
QA135.6 .S87 2005,left_only
QA152.2 .A33 1996,left_only
QA3 .R335 1988,left_only
QA31.E95 A1 1977,left_only
QA75 .B3 1982,left_only
QA75.5 .I38 1980,left_only
QA75.5 .I38 1983,left_only
QA76 .C36,left_only
QA76 .C654 1983,left_only
QA76 .G35,left_only
QA76 .H28,left_only
QA76 .T38,left_only
QA76.15 .E5 1993,left_only
QA76.25 .H46 1999,left_only
QA76.5 .M549 1982,left_only
QA76.5 .M6,left_only
QA76.5 .R36,left_only
QA76.6 .M414 1985,left_only
QA76.642 .A43 1995,left_only
QA76.73.A35 B65 1987,left_only
QA76.73.C25 S29,left_only
QA76.73.R25 L67,left_only
QA76.755 .S63 1986,left_only
QA76.76 .I59 G73 V.1,left_only
QA76.76.R44 S64 1989,left_only
QA76.76.R47 I587 1994,left_only
QA76.9.C65 A1,left_only
QA76.9.D3 M575 1995,left_only
QA90 .H29 1996,left_only
QB121 .D52 1997,left_only
QB15 .T38,left_only
QB36.E73 L37 1994,left_only
QB43.2 .H463 1983,left_only
QB43.2 .U545 1999,left_only
QB44 .N49,left_only
QB44.2 .M86 1979,left_only
QB461 .A82 1984,left_only
QB500.3 .L39 1987,left_only
QB501 .N47 1990,left_only
QB501 .V6,left_only
QB591 .M86 1972,left_only
QB592 .L84 1987,left_only
QB592 .L84 1988,left_only
QB592 .L84 1989,left_only
QB595 .K63,left_only
QB621 .D86,left_only
QB63 .E44 1993,left_only
QB63 .H6 1975,left_only
QB63 .L68 1989,left_only
QB637 .S48 1981,left_only
QB64 .D533 1998,left_only
QB64 .E53 1988,left_only
QB64 .L84 1990,left_only
QB65 .C35,left_only
QB681 .H86 1989,left_only
QB981 .C823,left_only
QB991.B54 B5,left_only
QC159 .L84 1983,left_only
QC161 .D46 1993,left_only
QC23 .T62 1992,left_only
QC3 .M49 1990 V. 1,left_only
QC39 .R68 1983,left_only
QC463.P7 K5 V. 1,left_only
QC463.P7 K5 V. 2,left_only
QC495 .B42 1981,left_only
QC92.U54 S4 1975,left_only
QD31.2 .R86 1974,left_only
QD45 .B45,left_only
QD466 .S78 1996,left_only
QD476 .T7,left_only
QD53 .E9,left_only
QD601.2 .B76 1986,left_only
QD96.M3 U47 1987,left_only
QE28.2 .F55,left_only
QE31 .M27,left_only
QE363.8 .B4 1973,left_only
QE365 .H85,left_only
QE511.5 .M37,left_only
QE522 .K73,left_only
QE598 .M3,left_only
QE745 .M37 1980,left_only
QE841 .C254 1988,left_only
QE862.D5 G652 SUPPL.1,left_only
QH11 .D27 1957,left_only
QH111 .D6,left_only
QH345 .B55,left_only
QH365.Z9 B37,left_only
QH368 .T37,left_only
QH371 .M75 1984,left_only
QH430 .G455 1990,left_only
QH45 .L69 1955,left_only
QH46 .H42,left_only
QH506 .M685,left_only
QH540.4 .M3,left_only
QH541 .K46 1974,left_only
QH581.2 .M64 1994,left_only
QH583.2 .S64 1998 V. V.1,left_only
QH583.2 .S64 1998 V. V.2,left_only
QH583.2 .S64 1998 V. V.3,left_only
QH603.R5 R54 1990,left_only
QH631 .C35 1998,left_only
QH647 .M65,left_only
QH86 .W95 1970,left_only
QK47 .W3 1974,left_only
QK50 .E3 1973,left_only
QK725 .G85,left_only
QK725 .G86,left_only
QK98 .W72 V. 2,left_only
QL100 .H34 1978,left_only
QL45 .L5,left_only
QL462.3 .E48 1986,left_only
QL50 .R42 1979,left_only
QL542 .W36,left_only
QL696.G8 W3,left_only
QL703 .H8,left_only
QL715 .B28 1997,left_only
QL737.C432 G74 1990,left_only
QL757 .B3,left_only
QL82 .T55 1974,left_only
QM25 .V56 1991,left_only
QM25 .Y63 1978,left_only
QM455 .S84,left_only
QM507 .P6,left_only
QP102 .H397 1986,left_only
QP34 .B54 1985,left_only
QP360 .P48,left_only
QP363.3 .N46 1988,left_only
QP363.3 .N46 V.2 1990,left_only
QP376 .B728,left_only
QP376 .F48 1981,left_only
QP441 .R4,left_only
QP481 .B57,left_only
QP509 .B58,left_only
QP514.2 .S77 1995 SUPPL.,left_only
QP551 .B72 1991,left_only
QP551 .D66,left_only
QP572.S4 H6,left_only
QP601 .I58,left_only
QP601 .W456 1997,left_only
QP751 .L547 1994,left_only
QP801.A3 A37 1990,left_only
QP86 .S65 1995,left_only
QR363 . A25 1995,left_only
QR363 .A252 1998,left_only
QR81 .B46 1984 V. 1,left_only
QR81 .B46 1984 V. 2,left_only
QR81 .B46 1984 V. 3,left_only
QR81 .B46 1984 V. 4,left_only
R141 .S95 1983,left_only
R151 .M4,left_only
R726.5 .C354 1997,left_only
R730.A1 G8 1992,left_only
R856 .D38 1981,left_only
RA1270.P4 B73 1992,left_only
RA393 .P7,left_only
RA410.A2 I6 1986 V. 1,left_only
RA410.A2 I6 1986 V. 2,left_only
RA411 .W67 1976,left_only
RA412.5.P8 C6,left_only
RA425 .H57,left_only
RA440.5 .O94 1996,left_only
RA445 .A55,left_only
RA564.8 .E84 1986,left_only
RA564.8.A1 H4,left_only
RA778 .R529 1998,left_only
RA781 .I48 1988,left_only
RA781.7 .H59,left_only
RA790.65.N7 M46 1968,left_only
RA967 .T5,left_only
RA973.5 .N5,left_only
RA975 .F73,left_only
RB33 .N42 V.8 1987,left_only
RC119 .Z35,left_only
RC334 .E53 1987 V. 1,left_only
RC334 .E53 1987 V. 2,left_only
RC394.M46 H36 1986,left_only
RC425 .R37 1986,left_only
RC439.5 .S22,left_only
RC440 .H46 1980,left_only
RC451.4.A5 A52 1994,left_only
RC451.4.A5 A528 1996,left_only
RC451.4.A5 H37,left_only
RC452 .B7 1985,left_only
RC454 .A25 1996,left_only
RC454 .A25 1996,left_only
RC454 .A25 1999,left_only
RC454 .C667 1995 V.1,left_only
RC454 .C667 1995 V.2,left_only
RC454 .F68 1975 V. 1,left_only
RC454 .F68 1975 V. 2,left_only
RC454 .N47 1999,left_only
RC454 .S86 1997,left_only
RC455.4.F3 A1 1983,left_only
RC460 .C59 1992,left_only
RC473.B43 F86 1990,left_only
RC48 .B27,left_only
RC480.8 .P74 1989,left_only
RC480.A1 B36 1983,left_only
RC488.5 .E97 1992,left_only
RC488.5 .I497 1995,left_only
RC488.5 .S473 1992,left_only
RC489.A7 O74 1998,left_only
RC504 .C57 1990,left_only
RC523 .A86 1999,left_only
RC564 .A95 1984,left_only
RC568.C6 A1,left_only
RC569.A1 D78 1986,left_only
RC582.A1 L6 1986,left_only
RC607.A26 C654 1996,left_only
RC607.A26 P72 1990,left_only
RC607.A26 T92 1988,left_only
RC672 .A6,left_only
RC672 .A6,left_only
RC682 .D48 1993,left_only
RC81 .C725 V.2,left_only
RC963.3 .E53 1983 V. V.1,left_only
RC963.3 .E53 1983 V. V.2,left_only
RD594.3 .S63 1992,left_only
RE51 .S57 1998,left_only
RJ111 .P427 1991,left_only
RJ111 .P428 1995,left_only
RJ47 .C454 1982,left_only
RJ496.A63 R56 1997,left_only
RJ499 .C4843 1996,left_only
RJ500 .C5,left_only
RJ505.A7 F87 1982,left_only
RJ505.A7 W5,left_only
RJ505.P6 N46 1990,left_only
RJ506.A9 B45 1986,left_only
RJ506.D68 H36,left_only
RJ520.P7 W38 1999,left_only
RM217 .P49 1977,left_only
RS61 .U68,left_only
S411 .F45 1991,left_only
S463 .G84,left_only
S613 .D75,left_only
SB126 .B53,left_only
SB450.98 .H43 1997,left_only
SB458 .I85,left_only
SB466.I8 S5 1993,left_only
SB470.B87 E45 1991,left_only
SB472 .M64 1988,left_only
SB472 .W55 1996,left_only
SB91 .H27 1981,left_only
SD383 .P35 1997,left_only
SF422 .F64 1995,left_only
SF765 .S8 1976,left_only
T14.5 .R62,left_only
T15 .D3 1974,left_only
T15 .I58 1993,left_only
T175.5 .C46,left_only
T180.P47 P48 1995,left_only
T185 .S85,left_only
T2 .R45 1974,left_only
T215.V4 A2 V. 1991/92,left_only
T26.G3 E25 1996,left_only
T385 .N67 1990,left_only
T395 .M37 1998,left_only
T47 .M3 1988,left_only
T55.3.H3 F57,left_only
T56.23 .Z48,left_only
T56.8 .S67 1998,left_only
T57.35 .P37,left_only
T65 .T45 V. 1986,left_only
T8 .P85 1981,left_only
T9 .E473 V. 1,left_only
T9 .E473 V. 2,left_only
TA1632 .C65,left_only
TA1632 .G727 1989,left_only
TD170 .I55,left_only
TD174 .E576 1991,left_only
TD225.C5 C3,left_only
TD398 .V3 1973,left_only
TF25.L6 Z53 1990,left_only
TF841.C43 M64 1995,left_only
TG149 .O93 1989,left_only
TG15 .D87 1997,left_only
TG340 .B56 1990,left_only
TH1201 .A77 1991,left_only
TH145 .M3 1975,left_only
TH2025 .B35 1994,left_only
TH2031 .H77 1983,left_only
TH2031 .H77 1983 DRAWINGS,left_only
TH2170 .D6,left_only
TH223 .H6,left_only
TH7413 .S96 1975,left_only
TH845 .A72,left_only
TJ153 .E514,left_only
TJ163.25.U6 C83,left_only
TJ163.5.B84 B8,left_only
TJ163.9 .S38 1983,left_only
TJ211.A1 G65 1984,left_only
TJ212 .I15 1977,left_only
TK5101 .W66 1989,left_only
TK6548.U6 J35 1998,left_only
TK7804 .M33 1984,left_only
TK7874 .E78 1980,left_only
TK7874 .M26 1983,left_only
TK7895.M5 B9 1983,left_only
TL509 .E54 1992,left_only
TL686.C4 R63 1998,left_only
TL788 .I5 1981,left_only
TL789 .V65,left_only
TL789 .V65 1969,left_only
TL789.8.U6 S566,left_only
TL790 .M34,left_only
TL793 .M65 1969,left_only
TN871.3 .A87,left_only
TR115 .A58 1999,left_only
TR125 .I43 1998,left_only
TR139 .W55 1985,left_only
TR140.B264 J2 1993,left_only
TR140.E43 T8 1975,left_only
TR140.S7 N6,left_only
TR140.W45 A4 1999,left_only
TR140.Z47 G59,left_only
TR15 .G375,left_only
TR15 .I58 1985,left_only
TR15 .O53,left_only
TR25.N7 L58 1992,left_only
TR290 .L64 1994,left_only
TR6.U62 C4,left_only
TR647 .B7 1999,left_only
TR647 .S24 1990,left_only
TR647 .W56 1988,left_only
TR647.A7 A7,left_only
TR647.C37 A4 1979,left_only
TR647.F74 A4 1994,left_only
TR647.M5 R4,left_only
TR650 .N49,left_only
TR650 .P5,left_only
TR650 .S26 1986,left_only
TR653 .B73 2000,left_only
TR653 .S26 1999,left_only
TR653 .S93 V.1,left_only
TR653 .S93 V.2,left_only
TR653 .S93 V.3,left_only
TR653 .S93 V.4,left_only
TR653 .W457 1973,left_only
TR654 .A96 1993,left_only
TR654 .B8597 1998,left_only
TR654 .C67,left_only
TR654 .C8,left_only
TR654 .E88 1978,left_only
TR654 .K49 1981,left_only
TR654 .L464 1982,left_only
TR654 .M33 1973,left_only
TR654 .M58 1979,left_only
TR654 .P297 1975,left_only
TR654 .P445 1984,left_only
TR654 .S478 1990,left_only
TR654 .S78 1990,left_only
TR654 .W254 1997,left_only
TR654.E883 M6 1993,left_only
TR655 .G653 2023,left_only
TR659 .C35 1982,left_only
TR659 .H35 1997,left_only
TR660 .A29 1990,left_only
TR660.5 .A345 1994,left_only
TR660.5 .N37 1992,left_only
TR670 .C35 1980,left_only
TR675 .B65 1980,left_only
TR675 .W48 1977,left_only
TR679 .E95 1998,left_only
TR680 .E79 1994,left_only
TR680 .W54 1993,left_only
TR681.A7 G56 1990,left_only
TR681.F3 A934 1999,left_only
TR681.F3 C375 1998B,left_only
TR681.F3 H37 1995,left_only
TR686 .W58 1994,left_only
TR686 .W588 1995,left_only
TR790 .B46 1994,left_only
TR820 .B78 1990,left_only
TR820 .M38 1990,left_only
TR820 .M65 1999,left_only
TR820.6 .N34 1999,left_only
TR849.A1 E88 1998,left_only
TR899 .C65,left_only
TS156 .D4 1982,left_only
TS156 .I86 1994,left_only
TS2020 .B47,left_only
TS23 .S49 1987,left_only
TS341 .M7995,left_only
TT174 .W75,left_only
TT497 .R58 1999,left_only
TT504 .W38 1968,left_only
TX335 .L3 1994,left_only
TX349 .M2,left_only
TX360.U6 U65 1979,left_only
TX719 .C443 1999,left_only
TX945 .F74,left_only
U264 .N827 1984 V.1,left_only
U408.3 .G8,left_only
U410.L3 K75 1987,left_only
U410.L3 S5,left_only
U56 .N4 1988,left_only
U800 .B85 1991,left_only
UD480 .W44,left_only
UE15 .E44,left_only
UE443 .S8,left_only
UF535.G7 F4 1969,left_only
VM371 .H68,left_only
VM381 .B699 1988,left_only
VM383.N6 B73 1987,left_only
VM615 .H5,left_only
Z116.A3 B66 1998,left_only
Z244.5 .M42 1992,left_only
Z246 .G73 1990,left_only
Z246 .H35 1998,left_only
Z246 .M95 1996,left_only
Z250 .T883 1992B,left_only
Z250 .Y68 1999,left_only
Z253.3 .V36 1993,left_only
Z269 .P42,left_only
Z43 .J76,left_only
Z43 .W54,left_only
Z675.M4 A1 1986,left_only
Z675.P3 C48 1990,left_only
Z675.U5 B58 1975,left_only
Z678.9 .P7,left_only
Z695.1.A7 R5,left_only
Z695.1.P8 K5 1991,left_only
Z701 .M67 1983,left_only
Z711.2 .K83 1994,left_only
Z713.5.U6 M67 1991,left_only
Z716.3 .K57 1985,left_only
Z733.Q45 K76 1996,left_only
Z797.A1 H57 1988 V.1,left_only
Z797.A1 H57 1988 V.2,left_only
Z797.A1 H57 1988 V.3,left_only
Z797.A1 H57 1988 V.4,left_only
Z881 .H346,left_only
Z881 .H349 V. 1,left_only
Z881 .H349 V. 2,left_only
